Company Name,Ticker,Country,Industry,Year,Revenue,Revenue Unit,Net Income,Total Assets,Operating Cash Flow
3M Company,MMM,United States,Conglomerates,2024,24575000000.0,USD,4173000000.0,39868000000.0,1819000000.0
3M Company,MMM,United States,Conglomerates,2023,24610000000.0,USD,-6995000000.0,50580000000.0,6680000000.0
3M Company,MMM,United States,Conglomerates,2022,34229000000.0,USD,5777000000.0,46455000000.0,5591000000.0
APA Corporation,APA,United States,Oil & Gas E&P,2024,9737000000.0,USD,804000000.0,19390000000.0,3620000000.0
APA Corporation,APA,United States,Oil & Gas E&P,2023,8279000000.0,USD,2855000000.0,15244000000.0,3129000000.0
APA Corporation,APA,United States,Oil & Gas E&P,2022,11075000000.0,USD,3604000000.0,13147000000.0,4943000000.0
"Advanced Micro Devices, Inc.",AMD,United States,Semiconductors,2024,25785000000.0,USD,1641000000.0,69226000000.0,3041000000.0
"Advanced Micro Devices, Inc.",AMD,United States,Semiconductors,2023,22680000000.0,USD,854000000.0,67885000000.0,1667000000.0
"Advanced Micro Devices, Inc.",AMD,United States,Semiconductors,2022,23601000000.0,USD,1320000000.0,67580000000.0,3565000000.0
"Agilent Technologies, Inc.",A,United States,Diagnostics & Research,2024,6510000000.0,USD,1289000000.0,11846000000.0,1751000000.0
"Agilent Technologies, Inc.",A,United States,Diagnostics & Research,2023,6833000000.0,USD,1240000000.0,10763000000.0,1772000000.0
"Agilent Technologies, Inc.",A,United States,Diagnostics & Research,2022,6848000000.0,USD,1254000000.0,10532000000.0,1312000000.0
"Air Products and Chemicals, Inc.",APD,United States,Specialty Chemicals,2025,12037300000.0,USD,-394500000.0,41059500000.0,3256800000.0
"Air Products and Chemicals, Inc.",APD,United States,Specialty Chemicals,2024,12100600000.0,USD,3828200000.0,39574600000.0,3646700000.0
"Air Products and Chemicals, Inc.",APD,United States,Specialty Chemicals,2023,12600000000.0,USD,2300200000.0,32002500000.0,3206300000.0
"Airbnb, Inc.",ABNB,United States,Travel Services,2024,11102000000.0,USD,2648000000.0,20959000000.0,4518000000.0
"Airbnb, Inc.",ABNB,United States,Travel Services,2023,9917000000.0,USD,4792000000.0,20645000000.0,3884000000.0
"Airbnb, Inc.",ABNB,United States,Travel Services,2022,8399000000.0,USD,1893000000.0,16038000000.0,3430000000.0
Alphabet Inc.,GOOGL,United States,Internet Content & Information,2024,350018000000.0,USD,100118000000.0,450256000000.0,125299000000.0
Alphabet Inc.,GOOGL,United States,Internet Content & Information,2023,307394000000.0,USD,73795000000.0,402392000000.0,101746000000.0
Alphabet Inc.,GOOGL,United States,Internet Content & Information,2022,282836000000.0,USD,59972000000.0,365264000000.0,91495000000.0
"Altria Group, Inc.",MO,United States,Tobacco,2024,20444000000.0,USD,11264000000.0,35177000000.0,8753000000.0
"Altria Group, Inc.",MO,United States,Tobacco,2023,20502000000.0,USD,8130000000.0,38570000000.0,9287000000.0
"Altria Group, Inc.",MO,United States,Tobacco,2022,20688000000.0,USD,5764000000.0,36954000000.0,8256000000.0
"American Electric Power Company, Inc.",AEP,United States,Utilities - Regulated Electric,2024,19721300000.0,USD,2967100000.0,103078000000.0,6804300000.0
"American Electric Power Company, Inc.",AEP,United States,Utilities - Regulated Electric,2023,18982300000.0,USD,2208100000.0,96684000000.0,5012200000.0
"American Electric Power Company, Inc.",AEP,United States,Utilities - Regulated Electric,2022,19639500000.0,USD,2307200000.0,93403300000.0,5288000000.0
American Express Company,AXP,United States,Credit Services,2024,65949000000.0,USD,10129000000.0,271461000000.0,14050000000.0
American Express Company,AXP,United States,Credit Services,2023,60515000000.0,USD,8374000000.0,261108000000.0,18559000000.0
American Express Company,AXP,United States,Credit Services,2022,52862000000.0,USD,7514000000.0,228354000000.0,21079000000.0
"American International Group, Inc.",AIG,United States,Insurance - Diversified,2024,27270000000.0,USD,-1404000000.0,161322000000.0,3273000000.0
"American International Group, Inc.",AIG,United States,Insurance - Diversified,2023,27959000000.0,USD,3643000000.0,539306000000.0,6243000000.0
"American International Group, Inc.",AIG,United States,Insurance - Diversified,2022,29975000000.0,USD,10227000000.0,522228000000.0,4134000000.0
American Tower Corporation,AMT,United States,REIT - Specialty,2024,10127200000.0,USD,2255000000.0,61077400000.0,5290500000.0
American Tower Corporation,AMT,United States,REIT - Specialty,2023,10012200000.0,USD,1483300000.0,66027600000.0,4722400000.0
American Tower Corporation,AMT,United States,REIT - Specialty,2022,9645400000.0,USD,1765800000.0,67194500000.0,3696200000.0
Amgen Inc.,AMGN,United States,Drug Manufacturers - General,2024,33424000000.0,USD,4090000000.0,91839000000.0,11490000000.0
Amgen Inc.,AMGN,United States,Drug Manufacturers - General,2023,28190000000.0,USD,6717000000.0,97154000000.0,8471000000.0
Amgen Inc.,AMGN,United States,Drug Manufacturers - General,2022,26323000000.0,USD,6552000000.0,65121000000.0,9721000000.0
Amphenol Corporation,APH,United States,Electronic Components,2024,15222700000.0,USD,2424000000.0,21440200000.0,2814700000.0
Amphenol Corporation,APH,United States,Electronic Components,2023,12554700000.0,USD,1928000000.0,16526400000.0,2528700000.0
Amphenol Corporation,APH,United States,Electronic Components,2022,12623000000.0,USD,1902300000.0,15326200000.0,2174600000.0
"Analog Devices, Inc.",ADI,United States,Semiconductors,2025,11019707000.0,USD,2267342000.0,47992712000.0,4812202000.0
"Analog Devices, Inc.",ADI,United States,Semiconductors,2024,9427157000.0,USD,1635273000.0,48228277000.0,3852529000.0
"Analog Devices, Inc.",ADI,United States,Semiconductors,2023,12305539000.0,USD,3314579000.0,48794478000.0,4817634000.0
Anheuser-Busch InBev SA/NV,BUD,Belgium,Beverages - Brewers,2024,59768000000.0,USD,5855000000.0,206637000000.0,15055000000.0
Anheuser-Busch InBev SA/NV,BUD,Belgium,Beverages - Brewers,2023,59380000000.0,USD,5341000000.0,219340000000.0,13265000000.0
Anheuser-Busch InBev SA/NV,BUD,Belgium,Beverages - Brewers,2022,57786000000.0,USD,5969000000.0,212943000000.0,13298000000.0
Aon plc,AON,Ireland,Insurance Brokers,2024,15698000000.0,USD,2654000000.0,48965000000.0,3035000000.0
Aon plc,AON,Ireland,Insurance Brokers,2023,13376000000.0,USD,2564000000.0,33959000000.0,3435000000.0
Aon plc,AON,Ireland,Insurance Brokers,2022,12479000000.0,USD,2589000000.0,32704000000.0,3219000000.0
Apple Inc.,AAPL,United States,Consumer Electronics,2025,416161000000.0,USD,112010000000.0,359241000000.0,111482000000.0
Apple Inc.,AAPL,United States,Consumer Electronics,2024,391035000000.0,USD,93736000000.0,364980000000.0,118254000000.0
Apple Inc.,AAPL,United States,Consumer Electronics,2023,383285000000.0,USD,96995000000.0,352583000000.0,110543000000.0
Arch Capital Group Ltd.,ACGL,Bermuda,Insurance - Diversified,2024,16930000000.0,USD,4312000000.0,70906000000.0,6673000000.0
Arch Capital Group Ltd.,ACGL,Bermuda,Insurance - Diversified,2023,13297000000.0,USD,4443000000.0,58906000000.0,5749000000.0
Arch Capital Group Ltd.,ACGL,Bermuda,Insurance - Diversified,2022,9613000000.0,USD,1476000000.0,47990000000.0,3816000000.0
Archer-Daniels-Midland Company,ADM,United States,Farm Products,2024,85530000000.0,USD,1800000000.0,53271000000.0,2790000000.0
Archer-Daniels-Midland Company,ADM,United States,Farm Products,2023,93935000000.0,USD,3483000000.0,54631000000.0,4460000000.0
Archer-Daniels-Midland Company,ADM,United States,Farm Products,2022,101556000000.0,USD,4340000000.0,59774000000.0,3478000000.0
Arthur J. Gallagher & Co.,AJG,United States,Insurance Brokers,2024,11554900000.0,USD,1462700000.0,64255200000.0,2582900000.0
Arthur J. Gallagher & Co.,AJG,United States,Insurance Brokers,2023,10071900000.0,USD,969500000.0,51615800000.0,2031700000.0
Arthur J. Gallagher & Co.,AJG,United States,Insurance Brokers,2022,8550600000.0,USD,1114200000.0,38358400000.0,1390000000.0
AstraZeneca PLC,AZN,United Kingdom,Drug Manufacturers - General,2024,54073000000.0,USD,7035000000.0,104035000000.0,11861000000.0
AstraZeneca PLC,AZN,United Kingdom,Drug Manufacturers - General,2023,45811000000.0,USD,5955000000.0,101119000000.0,10345000000.0
AstraZeneca PLC,AZN,United Kingdom,Drug Manufacturers - General,2022,44351000000.0,USD,3288000000.0,96483000000.0,9808000000.0
"AvalonBay Communities, Inc.",AVB,United States,REIT - Residential,2024,2913757000.0,USD,1081994000.0,21000737000.0,1607878000.0
"AvalonBay Communities, Inc.",AVB,United States,REIT - Residential,2023,2767909000.0,USD,928825000.0,20678214000.0,1560029000.0
"AvalonBay Communities, Inc.",AVB,United States,REIT - Residential,2022,2593446000.0,USD,1136775000.0,20457764000.0,1421932000.0
BHP Group Limited,BHP,Australia,Other Industrial Metals & Mining,2025,51262000000.0,USD,9019000000.0,108790000000.0,18692000000.0
BHP Group Limited,BHP,Australia,Other Industrial Metals & Mining,2024,55658000000.0,USD,7897000000.0,102362000000.0,20665000000.0
BHP Group Limited,BHP,Australia,Other Industrial Metals & Mining,2023,53817000000.0,USD,12921000000.0,101296000000.0,18701000000.0
BP p.l.c.,BP,United Kingdom,Oil & Gas Integrated,2024,189185000000.0,USD,381000000.0,282228000000.0,27297000000.0
BP p.l.c.,BP,United Kingdom,Oil & Gas Integrated,2023,210130000000.0,USD,15239000000.0,280294000000.0,32039000000.0
BP p.l.c.,BP,United Kingdom,Oil & Gas Integrated,2022,241392000000.0,USD,-2487000000.0,288120000000.0,40932000000.0
Baker Hughes Company,BKR,United States,Oil & Gas Equipment & Services,2024,27829000000.0,USD,2979000000.0,38363000000.0,3332000000.0
Baker Hughes Company,BKR,United States,Oil & Gas Equipment & Services,2023,25506000000.0,USD,1943000000.0,36945000000.0,3062000000.0
Baker Hughes Company,BKR,United States,Oil & Gas Equipment & Services,2022,21156000000.0,USD,-601000000.0,34181000000.0,1888000000.0
Bank of America Corporation,BAC,United States,Banks - Diversified,2024,101887000000.0,USD,27132000000.0,3261519000000.0,-8805000000.0
Bank of America Corporation,BAC,United States,Banks - Diversified,2023,98581000000.0,USD,26515000000.0,3180151000000.0,44982000000.0
Bank of America Corporation,BAC,United States,Banks - Diversified,2022,94950000000.0,USD,27528000000.0,3051375000000.0,-6327000000.0
Bank of Montreal,BMO,Canada,Banks - Diversified,2024,32041000000.0,USD,7318000000.0,1409647000000.0,29030000000.0
Bank of Montreal,BMO,Canada,Banks - Diversified,2023,31115000000.0,USD,4425000000.0,1347006000000.0,9591000000.0
Bank of Montreal,BMO,Canada,Banks - Diversified,2022,26259000000.0,USD,13537000000.0,1139199000000.0,4957000000.0
Barclays PLC,BCS,United Kingdom,Banks - Diversified,2024,26230000000.0,USD,6307000000.0,1518202000000.0,7113000000.0
Barclays PLC,BCS,United Kingdom,Banks - Diversified,2023,25384000000.0,USD,5259000000.0,1477487000000.0,-927000000.0
Barclays PLC,BCS,United Kingdom,Banks - Diversified,2022,25021000000.0,USD,5928000000.0,1513699000000.0,30231000000.0
Baxter International Inc.,BAX,United States,Medical Instruments & Supplies,2024,10636000000.0,USD,-649000000.0,25782000000.0,1019000000.0
Baxter International Inc.,BAX,United States,Medical Instruments & Supplies,2023,10360000000.0,USD,2656000000.0,28276000000.0,1726000000.0
Baxter International Inc.,BAX,United States,Medical Instruments & Supplies,2022,10057000000.0,USD,-2433000000.0,28287000000.0,1211000000.0
Bayer Aktiengesellschaft,BAYRY,Germany,Drug Manufacturers - General,2024,46606000000.0,USD,-2552000000.0,110850000000.0,7368000000.0
Bayer Aktiengesellschaft,BAYRY,Germany,Drug Manufacturers - General,2023,47637000000.0,USD,-2941000000.0,116259000000.0,5117000000.0
Bayer Aktiengesellschaft,BAYRY,Germany,Drug Manufacturers - General,2022,50739000000.0,USD,4150000000.0,124877000000.0,7093000000.0
"Becton, Dickinson and Company",BDX,United States,Medical Instruments & Supplies,2025,21840000000.0,USD,1678000000.0,55325000000.0,3431000000.0
"Becton, Dickinson and Company",BDX,United States,Medical Instruments & Supplies,2024,20178000000.0,USD,1705000000.0,57286000000.0,3797000000.0
"Becton, Dickinson and Company",BDX,United States,Medical Instruments & Supplies,2023,19372000000.0,USD,1484000000.0,52780000000.0,2989000000.0
Berkshire Hathaway Inc.,BRK-B,United States,Insurance - Diversified,2024,424232000000.0,USD,88995000000.0,1153881000000.0,30592000000.0
Berkshire Hathaway Inc.,BRK-B,United States,Insurance - Diversified,2023,439337000000.0,USD,96223000000.0,1069978000000.0,49196000000.0
Berkshire Hathaway Inc.,BRK-B,United States,Insurance - Diversified,2022,234121000000.0,USD,-22759000000.0,948465000000.0,37350000000.0
BioNTech SE,BNTX,Germany,Biotechnology,2024,2751100000.0,USD,-665300000.0,22529700000.0,207700000.0
BioNTech SE,BNTX,Germany,Biotechnology,2023,3819000000.0,USD,930300000.0,23006300000.0,5371400000.0
BioNTech SE,BNTX,Germany,Biotechnology,2022,17310600000.0,USD,9434400000.0,23279100000.0,13577400000.0
Biogen Inc.,BIIB,United States,Drug Manufacturers - General,2024,9675900000.0,USD,1632200000.0,28049300000.0,2875500000.0
Biogen Inc.,BIIB,United States,Drug Manufacturers - General,2023,9835600000.0,USD,1161100000.0,26844800000.0,1547200000.0
Biogen Inc.,BIIB,United States,Drug Manufacturers - General,2022,10173400000.0,USD,3046900000.0,24554100000.0,1384300000.0
"BlackRock, Inc.",BLK,United States,Asset Management,2024,20407000000.0,USD,6369000000.0,138615000000.0,4956000000.0
"BlackRock, Inc.",BLK,United States,Asset Management,2023,17859000000.0,USD,5502000000.0,123211000000.0,4165000000.0
"BlackRock, Inc.",BLK,United States,Asset Management,2022,17873000000.0,USD,5178000000.0,117628000000.0,4956000000.0
Booking Holdings Inc.,BKNG,United States,Travel Services,2024,23739000000.0,USD,5882000000.0,27708000000.0,8323000000.0
Booking Holdings Inc.,BKNG,United States,Travel Services,2023,21365000000.0,USD,4289000000.0,24342000000.0,7344000000.0
Booking Holdings Inc.,BKNG,United States,Travel Services,2022,17090000000.0,USD,3058000000.0,25361000000.0,6554000000.0
Boston Scientific Corporation,BSX,United States,Medical Devices,2024,16747000000.0,USD,1854000000.0,39395000000.0,3435000000.0
Boston Scientific Corporation,BSX,United States,Medical Devices,2023,14240000000.0,USD,1593000000.0,35136000000.0,2503000000.0
Boston Scientific Corporation,BSX,United States,Medical Devices,2022,12682000000.0,USD,698000000.0,32469000000.0,1526000000.0
Bristol-Myers Squibb Company,BMY,United States,Drug Manufacturers - General,2024,48300000000.0,USD,-8948000000.0,92603000000.0,15190000000.0
Bristol-Myers Squibb Company,BMY,United States,Drug Manufacturers - General,2023,45006000000.0,USD,8025000000.0,95159000000.0,13860000000.0
Bristol-Myers Squibb Company,BMY,United States,Drug Manufacturers - General,2022,46159000000.0,USD,6327000000.0,96820000000.0,13066000000.0
Broadcom Inc.,AVGO,United States,Semiconductors,2024,51574000000.0,USD,5895000000.0,165645000000.0,19962000000.0
Broadcom Inc.,AVGO,United States,Semiconductors,2023,35819000000.0,USD,14082000000.0,72861000000.0,18085000000.0
Broadcom Inc.,AVGO,United States,Semiconductors,2022,33203000000.0,USD,11495000000.0,73249000000.0,16736000000.0
"CBRE Group, Inc.",CBRE,United States,Real Estate Services,2024,35767000000.0,USD,968000000.0,24383000000.0,1708000000.0
"CBRE Group, Inc.",CBRE,United States,Real Estate Services,2023,31949000000.0,USD,986000000.0,22548000000.0,480000000.0
"CBRE Group, Inc.",CBRE,United States,Real Estate Services,2022,30828000000.0,USD,1407000000.0,20513000000.0,1629000000.0
CDW Corporation,CDW,United States,Information Technology Services,2024,20998700000.0,USD,1077800000.0,14678400000.0,1277300000.0
CDW Corporation,CDW,United States,Information Technology Services,2023,21376000000.0,USD,1104300000.0,13284600000.0,1598700000.0
CDW Corporation,CDW,United States,Information Technology Services,2022,23748700000.0,USD,1114500000.0,13131500000.0,1335900000.0
CME Group Inc.,CME,United States,Financial Data & Stock Exchanges,2024,6130100000.0,USD,3525800000.0,137447000000.0,3690500000.0
CME Group Inc.,CME,United States,Financial Data & Stock Exchanges,2023,5578900000.0,USD,3226200000.0,129706100000.0,3453800000.0
CME Group Inc.,CME,United States,Financial Data & Stock Exchanges,2022,5019400000.0,USD,2691000000.0,174175700000.0,3056000000.0
CVS Health Corporation,CVS,United States,Healthcare Plans,2024,372809000000.0,USD,4614000000.0,253215000000.0,9107000000.0
CVS Health Corporation,CVS,United States,Healthcare Plans,2023,357776000000.0,USD,8344000000.0,249728000000.0,13426000000.0
CVS Health Corporation,CVS,United States,Healthcare Plans,2022,322467000000.0,USD,4311000000.0,228275000000.0,16177000000.0
"Cadence Design Systems, Inc.",CDNS,United States,Software - Application,2024,4641264000.0,USD,1055484000.0,8974482000.0,1260551000.0
"Cadence Design Systems, Inc.",CDNS,United States,Software - Application,2023,4089986000.0,USD,1041144000.0,5669491000.0,1349176000.0
"Cadence Design Systems, Inc.",CDNS,United States,Software - Application,2022,3561718000.0,USD,848952000.0,5137071000.0,1241894000.0
Capital One Financial Corporation,COF,United States,Credit Services,2024,39112000000.0,USD,4750000000.0,490144000000.0,18159000000.0
Capital One Financial Corporation,COF,United States,Credit Services,2023,36787000000.0,USD,4887000000.0,478464000000.0,20575000000.0
Capital One Financial Corporation,COF,United States,Credit Services,2022,34250000000.0,USD,7360000000.0,455249000000.0,13809000000.0
Carnival Corporation & plc,CCL,United States,Travel Services,2024,25021000000.0,USD,1916000000.0,49057000000.0,5923000000.0
Carnival Corporation & plc,CCL,United States,Travel Services,2023,21593000000.0,USD,-74000000.0,49120000000.0,4281000000.0
Carnival Corporation & plc,CCL,United States,Travel Services,2022,12169000000.0,USD,-6093000000.0,51703000000.0,-1670000000.0
Caterpillar Inc.,CAT,United States,Farm & Heavy Construction Machinery,2024,64809000000.0,USD,10792000000.0,87764000000.0,12035000000.0
Caterpillar Inc.,CAT,United States,Farm & Heavy Construction Machinery,2023,67060000000.0,USD,10335000000.0,87476000000.0,12885000000.0
Caterpillar Inc.,CAT,United States,Farm & Heavy Construction Machinery,2022,59427000000.0,USD,6705000000.0,81943000000.0,7766000000.0
"Cencora, Inc.",COR,United States,Medical Distribution,2025,321332819000.0,USD,1554169000.0,76590112000.0,3875120000.0
"Cencora, Inc.",COR,United States,Medical Distribution,2024,293958599000.0,USD,1509120000.0,67101667000.0,3484685000.0
"Cencora, Inc.",COR,United States,Medical Distribution,2023,262173411000.0,USD,1745293000.0,62558746000.0,3911334000.0
Centene Corporation,CNC,United States,Healthcare Plans,2024,163071000000.0,USD,3305000000.0,82445000000.0,154000000.0
Centene Corporation,CNC,United States,Healthcare Plans,2023,153999000000.0,USD,2702000000.0,84641000000.0,8053000000.0
Centene Corporation,CNC,United States,Healthcare Plans,2022,144547000000.0,USD,1202000000.0,76870000000.0,6261000000.0
Chubb Limited,CB,Switzerland,Insurance - Property & Casualty,2024,56150000000.0,USD,9272000000.0,246548000000.0,16182000000.0
Chubb Limited,CB,Switzerland,Insurance - Property & Casualty,2023,50133000000.0,USD,9028000000.0,230682000000.0,12632000000.0
Chubb Limited,CB,Switzerland,Insurance - Property & Casualty,2022,42975000000.0,USD,5246000000.0,199017000000.0,11258000000.0
Cincinnati Financial Corporation,CINF,United States,Insurance - Property & Casualty,2024,11337000000.0,USD,2292000000.0,36501000000.0,2649000000.0
Cincinnati Financial Corporation,CINF,United States,Insurance - Property & Casualty,2023,10013000000.0,USD,1843000000.0,32769000000.0,2052000000.0
Cincinnati Financial Corporation,CINF,United States,Insurance - Property & Casualty,2022,6563000000.0,USD,-487000000.0,29732000000.0,2052000000.0
"Cisco Systems, Inc.",CSCO,United States,Communication Equipment,2025,56654000000.0,USD,10180000000.0,122291000000.0,14193000000.0
"Cisco Systems, Inc.",CSCO,United States,Communication Equipment,2024,53803000000.0,USD,10320000000.0,124413000000.0,10880000000.0
"Cisco Systems, Inc.",CSCO,United States,Communication Equipment,2023,56998000000.0,USD,12613000000.0,101852000000.0,19886000000.0
Citigroup Inc.,C,United States,Banks - Diversified,2024,81089000000.0,USD,12682000000.0,2352945000000.0,-19669000000.0
Citigroup Inc.,C,United States,Banks - Diversified,2023,77024000000.0,USD,9228000000.0,2411834000000.0,-73416000000.0
Citigroup Inc.,C,United States,Banks - Diversified,2022,74480000000.0,USD,14845000000.0,2416676000000.0,25069000000.0
"Cloudflare, Inc.",NET,United States,Software - Infrastructure,2024,1669626000.0,USD,-78800000.0,3301162000.0,380429000.0
"Cloudflare, Inc.",NET,United States,Software - Infrastructure,2023,1296745000.0,USD,-183949000.0,2759767000.0,254406000.0
"Cloudflare, Inc.",NET,United States,Software - Infrastructure,2022,975241000.0,USD,-193381000.0,2587908000.0,123595000.0
"CoStar Group, Inc.",CSGP,United States,Real Estate Services,2024,2736200000.0,USD,138700000.0,9256800000.0,392600000.0
"CoStar Group, Inc.",CSGP,United States,Real Estate Services,2023,2455000000.0,USD,374700000.0,8919700000.0,489500000.0
"CoStar Group, Inc.",CSGP,United States,Real Estate Services,2022,2182400000.0,USD,369500000.0,8402500000.0,478700000.0
"Conagra Brands, Inc.",CAG,United States,Packaged Foods,2025,11612800000.0,USD,1152400000.0,20933900000.0,1691900000.0
"Conagra Brands, Inc.",CAG,United States,Packaged Foods,2024,12050900000.0,USD,347200000.0,20862300000.0,2015600000.0
"Conagra Brands, Inc.",CAG,United States,Packaged Foods,2023,12277000000.0,USD,683600000.0,22052600000.0,995400000.0
ConocoPhillips,COP,United States,Oil & Gas E&P,2024,54745000000.0,USD,9245000000.0,122780000000.0,20124000000.0
ConocoPhillips,COP,United States,Oil & Gas E&P,2023,56141000000.0,USD,10957000000.0,95924000000.0,19965000000.0
ConocoPhillips,COP,United States,Oil & Gas E&P,2022,78494000000.0,USD,18680000000.0,93829000000.0,28314000000.0
"Consolidated Edison, Inc.",ED,United States,Utilities - Regulated Electric,2024,15256000000.0,USD,1820000000.0,70562000000.0,3614000000.0
"Consolidated Edison, Inc.",ED,United States,Utilities - Regulated Electric,2023,14663000000.0,USD,2519000000.0,66331000000.0,2156000000.0
"Consolidated Edison, Inc.",ED,United States,Utilities - Regulated Electric,2022,15670000000.0,USD,1660000000.0,69065000000.0,3935000000.0
"Constellation Brands, Inc.",STZ,United States,Beverages - Brewers,2025,10208700000.0,USD,-81400000.0,21652300000.0,3152200000.0
"Constellation Brands, Inc.",STZ,United States,Beverages - Brewers,2024,9961800000.0,USD,1727400000.0,25691700000.0,2780000000.0
"Constellation Brands, Inc.",STZ,United States,Beverages - Brewers,2023,9452600000.0,USD,-71000000.0,24662300000.0,2756900000.0
"Corteva, Inc.",CTVA,United States,Agricultural Inputs,2024,16908000000.0,USD,907000000.0,40825000000.0,2145000000.0
"Corteva, Inc.",CTVA,United States,Agricultural Inputs,2023,17226000000.0,USD,735000000.0,42996000000.0,1769000000.0
"Corteva, Inc.",CTVA,United States,Agricultural Inputs,2022,17455000000.0,USD,1147000000.0,42618000000.0,872000000.0
Coterra Energy Inc.,CTRA,United States,Oil & Gas E&P,2024,5458000000.0,USD,1121000000.0,21625000000.0,2795000000.0
Coterra Energy Inc.,CTRA,United States,Oil & Gas E&P,2023,5914000000.0,USD,1625000000.0,20415000000.0,3658000000.0
Coterra Energy Inc.,CTRA,United States,Oil & Gas E&P,2022,9051000000.0,USD,4065000000.0,20154000000.0,5456000000.0
"CrowdStrike Holdings, Inc.",CRWD,United States,Software - Infrastructure,2025,3953624000.0,USD,-19271000.0,8701578000.0,1381727000.0
"CrowdStrike Holdings, Inc.",CRWD,United States,Software - Infrastructure,2024,3055555000.0,USD,89327000.0,6646520000.0,1166207000.0
"CrowdStrike Holdings, Inc.",CRWD,United States,Software - Infrastructure,2023,2241236000.0,USD,-183245000.0,5026540000.0,941007000.0
Crown Castle Inc.,CCI,United States,REIT - Specialty,2024,6568000000.0,USD,-3903000000.0,32736000000.0,2943000000.0
Crown Castle Inc.,CCI,United States,REIT - Specialty,2023,6981000000.0,USD,1502000000.0,38527000000.0,3126000000.0
Crown Castle Inc.,CCI,United States,REIT - Specialty,2022,6986000000.0,USD,1675000000.0,38921000000.0,2878000000.0
Danaher Corporation,DHR,United States,Diagnostics & Research,2024,23875000000.0,USD,3899000000.0,77542000000.0,6688000000.0
Danaher Corporation,DHR,United States,Diagnostics & Research,2023,23890000000.0,USD,4764000000.0,84488000000.0,7164000000.0
Danaher Corporation,DHR,United States,Diagnostics & Research,2022,26643000000.0,USD,7209000000.0,84350000000.0,8519000000.0
"Darden Restaurants, Inc.",DRI,United States,Restaurants,2025,12076700000.0,USD,1049600000.0,12587000000.0,1698500000.0
"Darden Restaurants, Inc.",DRI,United States,Restaurants,2024,11390000000.0,USD,1027600000.0,11323000000.0,1611900000.0
"Darden Restaurants, Inc.",DRI,United States,Restaurants,2023,10487800000.0,USD,981900000.0,10241500000.0,1545600000.0
"Datadog, Inc.",DDOG,United States,Software - Application,2024,2684275000.0,USD,183746000.0,5785339000.0,870603000.0
"Datadog, Inc.",DDOG,United States,Software - Application,2023,2128359000.0,USD,48568000.0,3936072000.0,659954000.0
"Datadog, Inc.",DDOG,United States,Software - Application,2022,1675100000.0,USD,-50160000.0,3004852000.0,418407000.0
Deere & Company,DE,United States,Farm & Heavy Construction Machinery,2025,,USD,,,
Deere & Company,DE,United States,Farm & Heavy Construction Machinery,2024,50518000000.0,USD,7100000000.0,107320000000.0,9231000000.0
Deere & Company,DE,United States,Farm & Heavy Construction Machinery,2023,60248000000.0,USD,10166000000.0,104087000000.0,8589000000.0
Deutsche Bank Aktiengesellschaft,DB,Germany,Banks - Regional,2024,30048000000.0,USD,3366000000.0,1387177000000.0,-28584000000.0
Deutsche Bank Aktiengesellschaft,DB,Germany,Banks - Regional,2023,28875000000.0,USD,4772000000.0,1312331000000.0,5606000000.0
Deutsche Bank Aktiengesellschaft,DB,Germany,Banks - Regional,2022,26656000000.0,USD,5525000000.0,1336788000000.0,-2113000000.0
Devon Energy Corporation,DVN,United States,Oil & Gas E&P,2024,15940000000.0,USD,2891000000.0,30489000000.0,6600000000.0
Devon Energy Corporation,DVN,United States,Oil & Gas E&P,2023,15258000000.0,USD,3747000000.0,24490000000.0,6544000000.0
Devon Energy Corporation,DVN,United States,Oil & Gas E&P,2022,19169000000.0,USD,6015000000.0,23721000000.0,8530000000.0
"DexCom, Inc.",DXCM,United States,Medical Devices,2024,4033000000.0,USD,576200000.0,6484500000.0,989500000.0
"DexCom, Inc.",DXCM,United States,Medical Devices,2023,3622300000.0,USD,541500000.0,6264500000.0,748500000.0
"DexCom, Inc.",DXCM,United States,Medical Devices,2022,2909800000.0,USD,341200000.0,5391700000.0,669500000.0
Diageo plc,DEO,United Kingdom,Beverages - Wineries & Distilleries,2025,20245000000.0,USD,2354000000.0,49322000000.0,4297000000.0
Diageo plc,DEO,United Kingdom,Beverages - Wineries & Distilleries,2024,20269000000.0,USD,3870000000.0,45474000000.0,4105000000.0
Diageo plc,DEO,United Kingdom,Beverages - Wineries & Distilleries,2023,20555000000.0,USD,4445000000.0,44883000000.0,3636000000.0
"Diamondback Energy, Inc.",FANG,United States,Oil & Gas E&P,2024,11023000000.0,USD,3338000000.0,67292000000.0,6413000000.0
"Diamondback Energy, Inc.",FANG,United States,Oil & Gas E&P,2023,8339000000.0,USD,3143000000.0,29001000000.0,5920000000.0
"Diamondback Energy, Inc.",FANG,United States,Oil & Gas E&P,2022,9566000000.0,USD,4386000000.0,26209000000.0,6325000000.0
"Digital Realty Trust, Inc.",DLR,United States,REIT - Specialty,2024,5554968000.0,USD,602490000.0,45283616000.0,2261477000.0
"Digital Realty Trust, Inc.",DLR,United States,REIT - Specialty,2023,5477061000.0,USD,948838000.0,44113258000.0,1634780000.0
"Digital Realty Trust, Inc.",DLR,United States,REIT - Specialty,2022,4691834000.0,USD,377684000.0,41484998000.0,1659388000.0
Dow Inc.,DOW,United States,Chemicals,2024,42964000000.0,USD,1116000000.0,57312000000.0,2914000000.0
Dow Inc.,DOW,United States,Chemicals,2023,44622000000.0,USD,589000000.0,57967000000.0,5196000000.0
Dow Inc.,DOW,United States,Chemicals,2022,56902000000.0,USD,4582000000.0,60603000000.0,7475000000.0
"DuPont de Nemours, Inc.",DD,United States,Specialty Chemicals,2024,12386000000.0,USD,703000000.0,36636000000.0,2321000000.0
"DuPont de Nemours, Inc.",DD,United States,Specialty Chemicals,2023,12068000000.0,USD,423000000.0,38552000000.0,2191000000.0
"DuPont de Nemours, Inc.",DD,United States,Specialty Chemicals,2022,13017000000.0,USD,5868000000.0,41355000000.0,1249000000.0
Duke Energy Corporation,DUK,United States,Utilities - Regulated Electric,2024,30357000000.0,USD,4524000000.0,186343000000.0,12328000000.0
Duke Energy Corporation,DUK,United States,Utilities - Regulated Electric,2023,29060000000.0,USD,2841000000.0,176893000000.0,9878000000.0
Duke Energy Corporation,DUK,United States,Utilities - Regulated Electric,2022,28768000000.0,USD,2550000000.0,178086000000.0,5927000000.0
EQT Corporation,EQT,United States,Oil & Gas E&P,2024,5222192000.0,USD,230577000.0,39830255000.0,2826973000.0
EQT Corporation,EQT,United States,Oil & Gas E&P,2023,5069982000.0,USD,1735232000.0,25285098000.0,3178850000.0
EQT Corporation,EQT,United States,Oil & Gas E&P,2022,12140621000.0,USD,1770965000.0,22669926000.0,3465560000.0
Eaton Corporation plc,ETN,Ireland,Specialty Industrial Machinery,2024,24878000000.0,USD,3794000000.0,38381000000.0,4327000000.0
Eaton Corporation plc,ETN,Ireland,Specialty Industrial Machinery,2023,23196000000.0,USD,3218000000.0,38432000000.0,3624000000.0
Eaton Corporation plc,ETN,Ireland,Specialty Industrial Machinery,2022,20752000000.0,USD,2462000000.0,35014000000.0,2533000000.0
Ecolab Inc.,ECL,United States,Specialty Chemicals,2024,15741400000.0,USD,2112400000.0,22387800000.0,2813900000.0
Ecolab Inc.,ECL,United States,Specialty Chemicals,2023,15320200000.0,USD,1372300000.0,21846600000.0,2411800000.0
Ecolab Inc.,ECL,United States,Specialty Chemicals,2022,14187800000.0,USD,1091700000.0,21464300000.0,1788400000.0
Edwards Lifesciences Corporation,EW,United States,Medical Devices,2024,5439500000.0,USD,4174600000.0,13055300000.0,542300000.0
Edwards Lifesciences Corporation,EW,United States,Medical Devices,2023,5010000000.0,USD,1402400000.0,9363200000.0,895800000.0
Edwards Lifesciences Corporation,EW,United States,Medical Devices,2022,4464000000.0,USD,1521900000.0,8292500000.0,1218200000.0
"Elevance Health, Inc.",ELV,United States,Healthcare Plans,2024,176810000000.0,USD,5980000000.0,116889000000.0,5808000000.0
"Elevance Health, Inc.",ELV,United States,Healthcare Plans,2023,171340000000.0,USD,5987000000.0,108928000000.0,8061000000.0
"Elevance Health, Inc.",ELV,United States,Healthcare Plans,2022,156595000000.0,USD,5894000000.0,102755000000.0,8399000000.0
Eli Lilly and Company,LLY,United States,Drug Manufacturers - General,2024,45042700000.0,USD,10590000000.0,78714900000.0,8817900000.0
Eli Lilly and Company,LLY,United States,Drug Manufacturers - General,2023,34124100000.0,USD,5240400000.0,64006300000.0,4240100000.0
Eli Lilly and Company,LLY,United States,Drug Manufacturers - General,2022,28541400000.0,USD,6244800000.0,49489800000.0,7585700000.0
Emerson Electric Co.,EMR,United States,Specialty Industrial Machinery,2025,18016000000.0,USD,2293000000.0,41964000000.0,3098000000.0
Emerson Electric Co.,EMR,United States,Specialty Industrial Machinery,2024,17492000000.0,USD,1968000000.0,44246000000.0,3332000000.0
Emerson Electric Co.,EMR,United States,Specialty Industrial Machinery,2023,15165000000.0,USD,13219000000.0,42746000000.0,637000000.0
"Equinix, Inc.",EQIX,United States,REIT - Specialty,2024,8748000000.0,USD,815000000.0,35085000000.0,3249000000.0
"Equinix, Inc.",EQIX,United States,REIT - Specialty,2023,8188000000.0,USD,969000000.0,32651000000.0,3217000000.0
"Equinix, Inc.",EQIX,United States,REIT - Specialty,2022,7263000000.0,USD,705000000.0,30310742000.0,2963000000.0
Equinor ASA,EQNR,Norway,Oil & Gas Integrated,2024,102502000000.0,USD,8806000000.0,131141000000.0,20110000000.0
Equinor ASA,EQNR,Norway,Oil & Gas Integrated,2023,106848000000.0,USD,11885000000.0,143580000000.0,24701000000.0
Equinor ASA,EQNR,Norway,Oil & Gas Integrated,2022,149004000000.0,USD,28746000000.0,158021000000.0,35136000000.0
"Essex Property Trust, Inc.",ESS,United States,REIT - Residential,2024,1774450000.0,USD,741522000.0,12927359000.0,1068305000.0
"Essex Property Trust, Inc.",ESS,United States,REIT - Residential,2023,1669395000.0,USD,405825000.0,12361427000.0,980064000.0
"Essex Property Trust, Inc.",ESS,United States,REIT - Residential,2022,1606814000.0,USD,408315000.0,12372905000.0,975649000.0
"Expedia Group, Inc.",EXPE,United States,Travel Services,2024,13691000000.0,USD,1234000000.0,22388000000.0,3085000000.0
"Expedia Group, Inc.",EXPE,United States,Travel Services,2023,12839000000.0,USD,797000000.0,21642000000.0,2690000000.0
"Expedia Group, Inc.",EXPE,United States,Travel Services,2022,11667000000.0,USD,352000000.0,21561000000.0,3440000000.0
FedEx Corporation,FDX,United States,Integrated Freight & Logistics,2025,87926000000.0,USD,4092000000.0,87627000000.0,7036000000.0
FedEx Corporation,FDX,United States,Integrated Freight & Logistics,2024,87693000000.0,USD,4331000000.0,87007000000.0,8312000000.0
FedEx Corporation,FDX,United States,Integrated Freight & Logistics,2023,90155000000.0,USD,3972000000.0,87143000000.0,8848000000.0
Federal Realty Investment Trust,FRT,United States,REIT - Retail,2024,1202452000.0,USD,295208000.0,8524757000.0,574563000.0
Federal Realty Investment Trust,FRT,United States,REIT - Retail,2023,1132154000.0,USD,236985000.0,8436512000.0,555830000.0
Federal Realty Investment Trust,FRT,United States,REIT - Retail,2022,1074378000.0,USD,385491000.0,8233991000.0,516769000.0
"Fiserv, Inc.",FI,United States,Information Technology Services,2024,20456000000.0,USD,3131000000.0,77176000000.0,6631000000.0
"Fiserv, Inc.",FI,United States,Information Technology Services,2023,19093000000.0,USD,3068000000.0,90890000000.0,5162000000.0
"Fiserv, Inc.",FI,United States,Information Technology Services,2022,17737000000.0,USD,2530000000.0,83869000000.0,4618000000.0
"Fortinet, Inc.",FTNT,United States,Software - Infrastructure,2024,5955800000.0,USD,1745200000.0,9763100000.0,2258100000.0
"Fortinet, Inc.",FTNT,United States,Software - Infrastructure,2023,5304800000.0,USD,1147800000.0,7258900000.0,1935500000.0
"Fortinet, Inc.",FTNT,United States,Software - Infrastructure,2022,4417400000.0,USD,857300000.0,6228000000.0,1730600000.0
Freeport-McMoRan Inc.,FCX,United States,Copper,2024,25455000000.0,USD,1889000000.0,54848000000.0,7160000000.0
Freeport-McMoRan Inc.,FCX,United States,Copper,2023,22855000000.0,USD,1848000000.0,52506000000.0,5279000000.0
Freeport-McMoRan Inc.,FCX,United States,Copper,2022,22780000000.0,USD,3468000000.0,51093000000.0,5139000000.0
GE Aerospace,GE,United States,Aerospace & Defense,2024,38702000000.0,USD,6556000000.0,123140000000.0,4710000000.0
GE Aerospace,GE,United States,Aerospace & Defense,2023,35348000000.0,USD,9482000000.0,173300000000.0,5189000000.0
GE Aerospace,GE,United States,Aerospace & Defense,2022,29139000000.0,USD,336000000.0,188851000000.0,5917000000.0
"Gartner, Inc.",IT,United States,Information Technology Services,2024,6267411000.0,USD,1253715000.0,8534671000.0,1484922000.0
"Gartner, Inc.",IT,United States,Information Technology Services,2023,5906956000.0,USD,882466000.0,7835919000.0,1155737000.0
"Gartner, Inc.",IT,United States,Information Technology Services,2022,5475846000.0,USD,807799000.0,7299736000.0,1101422000.0
General Dynamics Corporation,GD,United States,Aerospace & Defense,2024,47716000000.0,USD,3782000000.0,55880000000.0,4112000000.0
General Dynamics Corporation,GD,United States,Aerospace & Defense,2023,42272000000.0,USD,3315000000.0,54810000000.0,4710000000.0
General Dynamics Corporation,GD,United States,Aerospace & Defense,2022,39407000000.0,USD,3390000000.0,51585000000.0,4579000000.0
"General Mills, Inc.",GIS,United States,Packaged Foods,2025,19486600000.0,USD,2295200000.0,33071100000.0,2918200000.0
"General Mills, Inc.",GIS,United States,Packaged Foods,2024,19857200000.0,USD,2496600000.0,31469900000.0,3302600000.0
"General Mills, Inc.",GIS,United States,Packaged Foods,2023,20094200000.0,USD,2593900000.0,31451700000.0,2778600000.0
GitLab Inc.,GTLB,United States,Software - Infrastructure,2025,759249000.0,USD,-6326000.0,1399263000.0,-63971000.0
GitLab Inc.,GTLB,United States,Software - Infrastructure,2024,579906000.0,USD,-425677000.0,1321403000.0,35040000.0
GitLab Inc.,GTLB,United States,Software - Infrastructure,2023,424336000.0,USD,-173407000.0,1169200000.0,-77408000.0
Hermès International Société en commandite par actions,HESAY,France,Luxury Goods,2024,15170000000.0,USD,4603000000.0,23084000000.0,5139000000.0
Hermès International Société en commandite par actions,HESAY,France,Luxury Goods,2023,13427000000.0,USD,4311000000.0,20447000000.0,4328000000.0
Hermès International Société en commandite par actions,HESAY,France,Luxury Goods,2022,11601000000.0,USD,3367000000.0,17459000000.0,4184000000.0
Humana Inc.,HUM,United States,Healthcare Plans,2024,117761000000.0,USD,1207000000.0,46479000000.0,2966000000.0
Humana Inc.,HUM,United States,Healthcare Plans,2023,106374000000.0,USD,2489000000.0,47065000000.0,3981000000.0
Humana Inc.,HUM,United States,Healthcare Plans,2022,92870000000.0,USD,2806000000.0,43055000000.0,4587000000.0
"IDEXX Laboratories, Inc.",IDXX,United States,Diagnostics & Research,2024,3897504000.0,USD,887867000.0,3293443000.0,929001000.0
"IDEXX Laboratories, Inc.",IDXX,United States,Diagnostics & Research,2023,3660953000.0,USD,845042000.0,3259925000.0,906510000.0
"IDEXX Laboratories, Inc.",IDXX,United States,Diagnostics & Research,2022,3367324000.0,USD,679089000.0,2746765000.0,542984000.0
IQVIA Holdings Inc.,IQV,United States,Diagnostics & Research,2024,15405000000.0,USD,1373000000.0,26899000000.0,2716000000.0
IQVIA Holdings Inc.,IQV,United States,Diagnostics & Research,2023,14984000000.0,USD,1358000000.0,26681000000.0,2149000000.0
IQVIA Holdings Inc.,IQV,United States,Diagnostics & Research,2022,14410000000.0,USD,1091000000.0,25337000000.0,2260000000.0
Illinois Tool Works Inc.,ITW,United States,Specialty Industrial Machinery,2024,15898000000.0,USD,3488000000.0,15067000000.0,3281000000.0
Illinois Tool Works Inc.,ITW,United States,Specialty Industrial Machinery,2023,16107000000.0,USD,2957000000.0,15518000000.0,3539000000.0
Illinois Tool Works Inc.,ITW,United States,Specialty Industrial Machinery,2022,15932000000.0,USD,3034000000.0,15422000000.0,2348000000.0
Intel Corporation,INTC,United States,Semiconductors,2024,53101000000.0,USD,-18756000000.0,196485000000.0,8288000000.0
Intel Corporation,INTC,United States,Semiconductors,2023,54228000000.0,USD,1689000000.0,191572000000.0,11471000000.0
Intel Corporation,INTC,United States,Semiconductors,2022,63054000000.0,USD,8014000000.0,182103000000.0,15433000000.0
"Intercontinental Exchange, Inc.",ICE,United States,Financial Data & Stock Exchanges,2024,11761000000.0,USD,2754000000.0,139428000000.0,4609000000.0
"Intercontinental Exchange, Inc.",ICE,United States,Financial Data & Stock Exchanges,2023,9903000000.0,USD,2368000000.0,136084000000.0,3542000000.0
"Intercontinental Exchange, Inc.",ICE,United States,Financial Data & Stock Exchanges,2022,9636000000.0,USD,1446000000.0,194338000000.0,3554000000.0
International Business Machines Corporation,IBM,United States,Information Technology Services,2024,62753000000.0,USD,6023000000.0,137175000000.0,13445000000.0
International Business Machines Corporation,IBM,United States,Information Technology Services,2023,61860000000.0,USD,7502000000.0,135241000000.0,13931000000.0
International Business Machines Corporation,IBM,United States,Information Technology Services,2022,60530000000.0,USD,1640000000.0,127243000000.0,10435000000.0
Intuit Inc.,INTU,United States,Software - Application,2025,18831000000.0,USD,3869000000.0,36958000000.0,6207000000.0
Intuit Inc.,INTU,United States,Software - Application,2024,16285000000.0,USD,2963000000.0,32132000000.0,4884000000.0
Intuit Inc.,INTU,United States,Software - Application,2023,14368000000.0,USD,2384000000.0,27780000000.0,5046000000.0
"Intuitive Surgical, Inc.",ISRG,United States,Medical Instruments & Supplies,2024,8352100000.0,USD,2322600000.0,18743200000.0,2415000000.0
"Intuitive Surgical, Inc.",ISRG,United States,Medical Instruments & Supplies,2023,7124100000.0,USD,1798000000.0,15441500000.0,1813800000.0
"Intuitive Surgical, Inc.",ISRG,United States,Medical Instruments & Supplies,2022,6222200000.0,USD,1322300000.0,12974000000.0,1490800000.0
Invitation Homes Inc.,INVH,United States,REIT - Residential,2024,2618942000.0,USD,453917000.0,18700951000.0,1081805000.0
Invitation Homes Inc.,INVH,United States,REIT - Residential,2023,2432278000.0,USD,519470000.0,19220967000.0,1107088000.0
Invitation Homes Inc.,INVH,United States,REIT - Residential,2022,2238121000.0,USD,383329000.0,18536708000.0,1023587000.0
JPMorgan Chase & Co.,JPM,United States,Banks - Diversified,2024,169439000000.0,USD,58471000000.0,4002814000000.0,-42012000000.0
JPMorgan Chase & Co.,JPM,United States,Banks - Diversified,2023,154952000000.0,USD,49552000000.0,3875393000000.0,12974000000.0
JPMorgan Chase & Co.,JPM,United States,Banks - Diversified,2022,127727000000.0,USD,37676000000.0,3665743000000.0,107119000000.0
Johnson & Johnson,JNJ,United States,Drug Manufacturers - General,2024,88821000000.0,USD,14066000000.0,180104000000.0,24266000000.0
Johnson & Johnson,JNJ,United States,Drug Manufacturers - General,2023,85159000000.0,USD,35153000000.0,167558000000.0,22791000000.0
Johnson & Johnson,JNJ,United States,Drug Manufacturers - General,2022,79990000000.0,USD,17941000000.0,187378000000.0,21194000000.0
KLA Corporation,KLAC,United States,Semiconductor Equipment & Materials,2025,12156162000.0,USD,4061643000.0,16067926000.0,4081903000.0
KLA Corporation,KLAC,United States,Semiconductor Equipment & Materials,2024,9812247000.0,USD,2761896000.0,15433566000.0,3308575000.0
KLA Corporation,KLAC,United States,Semiconductor Equipment & Materials,2023,10496056000.0,USD,3387277000.0,14072357000.0,3669805000.0
Kellanova,K,United States,Packaged Foods,2024,12749000000.0,USD,1343000000.0,15628000000.0,1760000000.0
Kellanova,K,United States,Packaged Foods,2023,13122000000.0,USD,951000000.0,15621000000.0,1645000000.0
Kellanova,K,United States,Packaged Foods,2022,12653000000.0,USD,960000000.0,18496000000.0,1651000000.0
Kimberly-Clark Corporation,KMB,United States,Household & Personal Products,2024,20058000000.0,USD,2545000000.0,16546000000.0,3234000000.0
Kimberly-Clark Corporation,KMB,United States,Household & Personal Products,2023,20431000000.0,USD,1764000000.0,17344000000.0,3542000000.0
Kimberly-Clark Corporation,KMB,United States,Household & Personal Products,2022,20175000000.0,USD,1934000000.0,17970000000.0,2733000000.0
Kimco Realty Corporation,KIM,United States,REIT - Retail,2024,2037014000.0,USD,410785000.0,20309896000.0,1005621000.0
Kimco Realty Corporation,KIM,United States,REIT - Retail,2023,1783400000.0,USD,654273000.0,18274022000.0,1071607000.0
Kimco Realty Corporation,KIM,United States,REIT - Retail,2022,1727684000.0,USD,125976000.0,17826122000.0,861114000.0
"Kinder Morgan, Inc.",KMI,United States,Oil & Gas Midstream,2024,15100000000.0,USD,2613000000.0,71407000000.0,5635000000.0
"Kinder Morgan, Inc.",KMI,United States,Oil & Gas Midstream,2023,15334000000.0,USD,2391000000.0,71020000000.0,6491000000.0
"Kinder Morgan, Inc.",KMI,United States,Oil & Gas Midstream,2022,19200000000.0,USD,2548000000.0,70078000000.0,4967000000.0
"LVMH Moët Hennessy - Louis Vuitton, Société Européenne",LVMUY,France,Luxury Goods,2024,84682000000.0,USD,12550000000.0,149190000000.0,18925000000.0
"LVMH Moët Hennessy - Louis Vuitton, Société Européenne",LVMUY,France,Luxury Goods,2023,86153000000.0,USD,15174000000.0,143694000000.0,18403000000.0
"LVMH Moët Hennessy - Louis Vuitton, Société Européenne",LVMUY,France,Luxury Goods,2022,79183000000.0,USD,14084000000.0,134646000000.0,17835000000.0
Lam Research Corporation,LRCX,United States,Semiconductor Equipment & Materials,2025,18435591000.0,USD,5358217000.0,21345260000.0,6173264000.0
Lam Research Corporation,LRCX,United States,Semiconductor Equipment & Materials,2024,14905386000.0,USD,3827772000.0,18744728000.0,4652269000.0
Lam Research Corporation,LRCX,United States,Semiconductor Equipment & Materials,2023,17428516000.0,USD,4510931000.0,18781643000.0,5178938000.0
Linde plc,LIN,United Kingdom,Specialty Chemicals,2024,33005000000.0,USD,6565000000.0,80147000000.0,9423000000.0
Linde plc,LIN,United Kingdom,Specialty Chemicals,2023,32854000000.0,USD,6199000000.0,80811000000.0,9305000000.0
Linde plc,LIN,United Kingdom,Specialty Chemicals,2022,33364000000.0,USD,4147000000.0,79658000000.0,8864000000.0
Lockheed Martin Corporation,LMT,United States,Aerospace & Defense,2024,71043000000.0,USD,5336000000.0,55617000000.0,6972000000.0
Lockheed Martin Corporation,LMT,United States,Aerospace & Defense,2023,67571000000.0,USD,6920000000.0,52456000000.0,7920000000.0
Lockheed Martin Corporation,LMT,United States,Aerospace & Defense,2022,65984000000.0,USD,5732000000.0,52880000000.0,7802000000.0
Loews Corporation,L,United States,Insurance - Property & Casualty,2024,17239000000.0,USD,1414000000.0,81943000000.0,3025000000.0
Loews Corporation,L,United States,Insurance - Property & Casualty,2023,15678000000.0,USD,1434000000.0,79197000000.0,3907000000.0
Loews Corporation,L,United States,Insurance - Property & Casualty,2022,14050000000.0,USD,822000000.0,75567000000.0,3314000000.0
"Lowe's Companies, Inc.",LOW,United States,Home Improvement Retail,2025,83674000000.0,USD,6957000000.0,43102000000.0,9625000000.0
"Lowe's Companies, Inc.",LOW,United States,Home Improvement Retail,2024,86377000000.0,USD,7726000000.0,41795000000.0,8140000000.0
"Lowe's Companies, Inc.",LOW,United States,Home Improvement Retail,2023,97059000000.0,USD,6437000000.0,43708000000.0,8589000000.0
Marathon Petroleum Corporation,MPC,United States,Oil & Gas Refining & Marketing,2024,138864000000.0,USD,3445000000.0,78858000000.0,8665000000.0
Marathon Petroleum Corporation,MPC,United States,Oil & Gas Refining & Marketing,2023,148379000000.0,USD,9681000000.0,85987000000.0,14117000000.0
Marathon Petroleum Corporation,MPC,United States,Oil & Gas Refining & Marketing,2022,177453000000.0,USD,14516000000.0,89904000000.0,16361000000.0
"Marsh & McLennan Companies, Inc.",MMC,United States,Insurance Brokers,2024,24458000000.0,USD,4060000000.0,56481000000.0,4302000000.0
"Marsh & McLennan Companies, Inc.",MMC,United States,Insurance Brokers,2023,22736000000.0,USD,3756000000.0,48030000000.0,4258000000.0
"Marsh & McLennan Companies, Inc.",MMC,United States,Insurance Brokers,2022,20720000000.0,USD,3050000000.0,44114000000.0,3465000000.0
Mastercard Incorporated,MA,United States,Credit Services,2024,28167000000.0,USD,12874000000.0,48081000000.0,14780000000.0
Mastercard Incorporated,MA,United States,Credit Services,2023,25098000000.0,USD,11195000000.0,42448000000.0,11980000000.0
Mastercard Incorporated,MA,United States,Credit Services,2022,22237000000.0,USD,9930000000.0,38724000000.0,11195000000.0
"McCormick & Company, Incorporated",MKC,United States,Packaged Foods,2024,6723700000.0,USD,788500000.0,13070300000.0,921900000.0
"McCormick & Company, Incorporated",MKC,United States,Packaged Foods,2023,6662200000.0,USD,680600000.0,12862300000.0,1237300000.0
"McCormick & Company, Incorporated",MKC,United States,Packaged Foods,2022,6350500000.0,USD,682000000.0,13124900000.0,651500000.0
McKesson Corporation,MCK,United States,Medical Distribution,2025,359051000000.0,USD,3295000000.0,75140000000.0,6085000000.0
McKesson Corporation,MCK,United States,Medical Distribution,2024,308951000000.0,USD,3002000000.0,67443000000.0,4314000000.0
McKesson Corporation,MCK,United States,Medical Distribution,2023,276711000000.0,USD,3560000000.0,62320000000.0,5159000000.0
"Merck & Co., Inc.",MRK,United States,Drug Manufacturers - General,2024,64168000000.0,USD,17117000000.0,117106000000.0,21468000000.0
"Merck & Co., Inc.",MRK,United States,Drug Manufacturers - General,2023,60115000000.0,USD,365000000.0,106675000000.0,13006000000.0
"Merck & Co., Inc.",MRK,United States,Drug Manufacturers - General,2022,59283000000.0,USD,14519000000.0,109160000000.0,19095000000.0
"Meta Platforms, Inc.",META,United States,Internet Content & Information,2024,164501000000.0,USD,62360000000.0,276054000000.0,91328000000.0
"Meta Platforms, Inc.",META,United States,Internet Content & Information,2023,134902000000.0,USD,39098000000.0,229623000000.0,71113000000.0
"Meta Platforms, Inc.",META,United States,Internet Content & Information,2022,116609000000.0,USD,23200000000.0,185727000000.0,50475000000.0
Mettler-Toledo International Inc.,MTD,United States,Diagnostics & Research,2024,3872361000.0,USD,863140000.0,3239999000.0,968346000.0
Mettler-Toledo International Inc.,MTD,United States,Diagnostics & Research,2023,3788309000.0,USD,788778000.0,3355555000.0,965874000.0
Mettler-Toledo International Inc.,MTD,United States,Diagnostics & Research,2022,3919709000.0,USD,872502000.0,3492395000.0,859067000.0
Microchip Technology Incorporated,MCHP,United States,Semiconductors,2025,4401600000.0,USD,-500000.0,15374600000.0,898100000.0
Microchip Technology Incorporated,MCHP,United States,Semiconductors,2024,7634400000.0,USD,1906900000.0,15873200000.0,2892700000.0
Microchip Technology Incorporated,MCHP,United States,Semiconductors,2023,8438700000.0,USD,2237700000.0,16370300000.0,3621000000.0
"Micron Technology, Inc.",MU,United States,Semiconductors,2025,37378000000.0,USD,8539000000.0,82798000000.0,17525000000.0
"Micron Technology, Inc.",MU,United States,Semiconductors,2024,25111000000.0,USD,778000000.0,69416000000.0,8507000000.0
"Micron Technology, Inc.",MU,United States,Semiconductors,2023,15540000000.0,USD,-5833000000.0,64254000000.0,1559000000.0
Microsoft Corporation,MSFT,United States,Software - Infrastructure,2025,281724000000.0,USD,101832000000.0,619003000000.0,136162000000.0
Microsoft Corporation,MSFT,United States,Software - Infrastructure,2024,245122000000.0,USD,88136000000.0,512163000000.0,118548000000.0
Microsoft Corporation,MSFT,United States,Software - Infrastructure,2023,211915000000.0,USD,72361000000.0,411976000000.0,87582000000.0
"Mid-America Apartment Communities, Inc.",MAA,United States,REIT - Residential,2024,2191015000.0,USD,527543000.0,11812369000.0,1098292000.0
"Mid-America Apartment Communities, Inc.",MAA,United States,REIT - Residential,2023,2148468000.0,USD,552806000.0,11484503000.0,1137187000.0
"Mid-America Apartment Communities, Inc.",MAA,United States,REIT - Residential,2022,2019866000.0,USD,637436000.0,11241165000.0,1058479000.0
"Mitsubishi UFJ Financial Group, Inc.",MUFG,Japan,Banks - Diversified,2025,6838439000000.0,USD,1862946000000.0,413113501000000.0,6415000000.0
"Mitsubishi UFJ Financial Group, Inc.",MUFG,Japan,Banks - Diversified,2024,5879775000000.0,USD,1490781000000.0,403703147000000.0,-9844860000000.0
"Mitsubishi UFJ Financial Group, Inc.",MUFG,Japan,Banks - Diversified,2023,6057232000000.0,USD,1116496000000.0,386799477000000.0,13431773000000.0
"Mondelez International, Inc.",MDLZ,United States,Confectioners,2024,36441000000.0,USD,4611000000.0,68497000000.0,4910000000.0
"Mondelez International, Inc.",MDLZ,United States,Confectioners,2023,36016000000.0,USD,4959000000.0,71391000000.0,4714000000.0
"Mondelez International, Inc.",MDLZ,United States,Confectioners,2022,31496000000.0,USD,2717000000.0,71161000000.0,3908000000.0
Monster Beverage Corporation,MNST,United States,Beverages - Non-Alcoholic,2024,7492709000.0,USD,1509048000.0,7719089000.0,1928533000.0
Monster Beverage Corporation,MNST,United States,Beverages - Non-Alcoholic,2023,7140027000.0,USD,1630988000.0,9686522000.0,1717753000.0
Monster Beverage Corporation,MNST,United States,Beverages - Non-Alcoholic,2022,6311050000.0,USD,1191624000.0,8293105000.0,887699000.0
Moody's Corporation,MCO,United States,Financial Data & Stock Exchanges,2024,7088000000.0,USD,2058000000.0,15505000000.0,2838000000.0
Moody's Corporation,MCO,United States,Financial Data & Stock Exchanges,2023,5916000000.0,USD,1607000000.0,14622000000.0,2151000000.0
Moody's Corporation,MCO,United States,Financial Data & Stock Exchanges,2022,5468000000.0,USD,1374000000.0,14349000000.0,1474000000.0
Morgan Stanley,MS,United States,Capital Markets,2024,57621000000.0,USD,13390000000.0,1215071000000.0,1362000000.0
Morgan Stanley,MS,United States,Capital Markets,2023,50667000000.0,USD,9087000000.0,1193693000000.0,-33536000000.0
Morgan Stanley,MS,United States,Capital Markets,2022,50210000000.0,USD,11029000000.0,1180231000000.0,-6397000000.0
"NIKE, Inc.",NKE,United States,Footwear & Accessories,2025,46309000000.0,USD,3219000000.0,36579000000.0,3698000000.0
"NIKE, Inc.",NKE,United States,Footwear & Accessories,2024,51362000000.0,USD,5700000000.0,38110000000.0,7429000000.0
"NIKE, Inc.",NKE,United States,Footwear & Accessories,2023,51217000000.0,USD,5070000000.0,37531000000.0,5841000000.0
"Nasdaq, Inc.",NDAQ,United States,Financial Data & Stock Exchanges,2024,7400000000.0,USD,1117000000.0,30395000000.0,1939000000.0
"Nasdaq, Inc.",NDAQ,United States,Financial Data & Stock Exchanges,2023,6064000000.0,USD,1059000000.0,32294000000.0,1696000000.0
"Nasdaq, Inc.",NDAQ,United States,Financial Data & Stock Exchanges,2022,6226000000.0,USD,1125000000.0,20868000000.0,1706000000.0
Nestlé S.A.,NSRGY,Switzerland,Packaged Foods,2024,91720000000.0,USD,10884000000.0,139264000000.0,16675000000.0
Nestlé S.A.,NSRGY,Switzerland,Packaged Foods,2023,93351000000.0,USD,11209000000.0,126550000000.0,15941000000.0
Nestlé S.A.,NSRGY,Switzerland,Packaged Foods,2022,94780000000.0,USD,9270000000.0,135182000000.0,11907000000.0
Northrop Grumman Corporation,NOC,United States,Aerospace & Defense,2024,41033000000.0,USD,4174000000.0,49359000000.0,4388000000.0
Northrop Grumman Corporation,NOC,United States,Aerospace & Defense,2023,39290000000.0,USD,2056000000.0,46544000000.0,3875000000.0
Northrop Grumman Corporation,NOC,United States,Aerospace & Defense,2022,36602000000.0,USD,4896000000.0,43755000000.0,2901000000.0
Novartis AG,NVS,Switzerland,Drug Manufacturers - General,2024,51722000000.0,USD,11941000000.0,102246000000.0,17619000000.0
Novartis AG,NVS,Switzerland,Drug Manufacturers - General,2023,46660000000.0,USD,14850000000.0,99945000000.0,14458000000.0
Novartis AG,NVS,Switzerland,Drug Manufacturers - General,2022,43461000000.0,USD,6955000000.0,117453000000.0,14236000000.0
Novo Nordisk A/S,NVO,Denmark,Drug Manufacturers - General,2024,290403000000.0,USD,100988000000.0,465795000000.0,120968000000.0
Novo Nordisk A/S,NVO,Denmark,Drug Manufacturers - General,2023,232261000000.0,USD,83683000000.0,314486000000.0,108908000000.0
Novo Nordisk A/S,NVO,Denmark,Drug Manufacturers - General,2022,176954000000.0,USD,55525000000.0,241257000000.0,78887000000.0
Occidental Petroleum Corporation,OXY,United States,Oil & Gas E&P,2024,26725000000.0,USD,3056000000.0,85445000000.0,11439000000.0
Occidental Petroleum Corporation,OXY,United States,Oil & Gas E&P,2023,28257000000.0,USD,4696000000.0,74008000000.0,12308000000.0
Occidental Petroleum Corporation,OXY,United States,Oil & Gas E&P,2022,36634000000.0,USD,13304000000.0,72609000000.0,16810000000.0
"Okta, Inc.",OKTA,United States,Software - Infrastructure,2025,2610000000.0,USD,28000000.0,9437000000.0,750000000.0
"Okta, Inc.",OKTA,United States,Software - Infrastructure,2024,2263000000.0,USD,-355000000.0,8989000000.0,512000000.0
"Okta, Inc.",OKTA,United States,Software - Infrastructure,2023,1858000000.0,USD,-815000000.0,9307000000.0,86000000.0
Oracle Corporation,ORCL,United States,Software - Infrastructure,2025,57399000000.0,USD,12443000000.0,168361000000.0,20821000000.0
Oracle Corporation,ORCL,United States,Software - Infrastructure,2024,52961000000.0,USD,10467000000.0,140976000000.0,18673000000.0
Oracle Corporation,ORCL,United States,Software - Infrastructure,2023,49954000000.0,USD,8503000000.0,134384000000.0,17165000000.0
"PPG Industries, Inc.",PPG,United States,Specialty Chemicals,2024,15845000000.0,USD,1116000000.0,19433000000.0,1420000000.0
"PPG Industries, Inc.",PPG,United States,Specialty Chemicals,2023,16242000000.0,USD,1270000000.0,21647000000.0,2411000000.0
"PPG Industries, Inc.",PPG,United States,Specialty Chemicals,2022,15614000000.0,USD,1026000000.0,20744000000.0,963000000.0
Palantir Technologies Inc.,PLTR,United States,Software - Infrastructure,2024,2865507000.0,USD,462190000.0,6340884000.0,1153865000.0
Palantir Technologies Inc.,PLTR,United States,Software - Infrastructure,2023,2225012000.0,USD,209825000.0,4522425000.0,712183000.0
Palantir Technologies Inc.,PLTR,United States,Software - Infrastructure,2022,1905871000.0,USD,-373705000.0,3461239000.0,223737000.0
"Palo Alto Networks, Inc.",PANW,United States,Software - Infrastructure,2025,9221500000.0,USD,1133900000.0,23576200000.0,3716000000.0
"Palo Alto Networks, Inc.",PANW,United States,Software - Infrastructure,2024,8027500000.0,USD,2577600000.0,19990900000.0,3257600000.0
"Palo Alto Networks, Inc.",PANW,United States,Software - Infrastructure,2023,6892700000.0,USD,439700000.0,14501100000.0,2777500000.0
Parker-Hannifin Corporation,PH,United States,Specialty Industrial Machinery,2025,19850000000.0,USD,3531000000.0,29494000000.0,3776000000.0
Parker-Hannifin Corporation,PH,United States,Specialty Industrial Machinery,2024,19930000000.0,USD,2844000000.0,29298000000.0,3384000000.0
Parker-Hannifin Corporation,PH,United States,Specialty Industrial Machinery,2023,19065000000.0,USD,2083000000.0,29964472000.0,2980000000.0
"PayPal Holdings, Inc.",PYPL,United States,Credit Services,2024,31797000000.0,USD,4147000000.0,81611000000.0,7450000000.0
"PayPal Holdings, Inc.",PYPL,United States,Credit Services,2023,29771000000.0,USD,4246000000.0,82166000000.0,4843000000.0
"PayPal Holdings, Inc.",PYPL,United States,Credit Services,2022,27518000000.0,USD,2419000000.0,78624000000.0,5813000000.0
"PepsiCo, Inc.",PEP,United States,Beverages - Non-Alcoholic,2024,91854000000.0,USD,9578000000.0,99467000000.0,12507000000.0
"PepsiCo, Inc.",PEP,United States,Beverages - Non-Alcoholic,2023,91471000000.0,USD,9074000000.0,100495000000.0,13442000000.0
"PepsiCo, Inc.",PEP,United States,Beverages - Non-Alcoholic,2022,86392000000.0,USD,8910000000.0,92187000000.0,10811000000.0
Pfizer Inc.,PFE,United States,Drug Manufacturers - General,2024,63627000000.0,USD,8031000000.0,213396000000.0,12744000000.0
Pfizer Inc.,PFE,United States,Drug Manufacturers - General,2023,59554000000.0,USD,2119000000.0,226501000000.0,8700000000.0
Pfizer Inc.,PFE,United States,Drug Manufacturers - General,2022,101175000000.0,USD,31372000000.0,197205000000.0,29267000000.0
Philip Morris International Inc.,PM,United States,Tobacco,2024,37878000000.0,USD,7057000000.0,61784000000.0,12217000000.0
Philip Morris International Inc.,PM,United States,Tobacco,2023,35174000000.0,USD,7813000000.0,65304000000.0,9204000000.0
Philip Morris International Inc.,PM,United States,Tobacco,2022,31762000000.0,USD,9048000000.0,61681000000.0,10803000000.0
"Principal Financial Group, Inc.",PFG,United States,Asset Management,2024,16127700000.0,USD,1571000000.0,313663600000.0,4602900000.0
"Principal Financial Group, Inc.",PFG,United States,Asset Management,2023,13665800000.0,USD,623200000.0,305046700000.0,3792400000.0
"Principal Financial Group, Inc.",PFG,United States,Asset Management,2022,17536100000.0,USD,4756900000.0,290867000000.0,3172900000.0
"Prologis, Inc.",PLD,United States,REIT - Industrial,2024,8201610000.0,USD,3731635000.0,95328909000.0,4912209000.0
"Prologis, Inc.",PLD,United States,REIT - Industrial,2023,8023469000.0,USD,3059214000.0,93020840000.0,5373058000.0
"Prologis, Inc.",PLD,United States,REIT - Industrial,2022,5973692000.0,USD,3364856000.0,87897448000.0,4126430000.0
"Prudential Financial, Inc.",PRU,United States,Insurance - Life,2024,70675000000.0,USD,2727000000.0,735587000000.0,8502000000.0
"Prudential Financial, Inc.",PRU,United States,Insurance - Life,2023,54265000000.0,USD,2488000000.0,721212000000.0,6510000000.0
"Prudential Financial, Inc.",PRU,United States,Insurance - Life,2022,56986000000.0,USD,-1647000000.0,689029000000.0,5158000000.0
Public Service Enterprise Group Incorporated,PEG,United States,Utilities - Regulated Electric,2024,10290000000.0,USD,1772000000.0,54640000000.0,2133000000.0
Public Service Enterprise Group Incorporated,PEG,United States,Utilities - Regulated Electric,2023,11237000000.0,USD,2563000000.0,50741000000.0,3806000000.0
Public Service Enterprise Group Incorporated,PEG,United States,Utilities - Regulated Electric,2022,9800000000.0,USD,1031000000.0,48718000000.0,1503000000.0
Public Storage,PSA,United States,REIT - Industrial,2024,4695616000.0,USD,2072011000.0,19754934000.0,3128255000.0
Public Storage,PSA,United States,REIT - Industrial,2023,4517690000.0,USD,2148327000.0,19809216000.0,3246648000.0
Public Storage,PSA,United States,REIT - Industrial,2022,4182163000.0,USD,4349147000.0,17552307000.0,3117141000.0
RTX Corporation,RTX,United States,Aerospace & Defense,2024,80738000000.0,USD,4774000000.0,162861000000.0,7159000000.0
RTX Corporation,RTX,United States,Aerospace & Defense,2023,68920000000.0,USD,3195000000.0,161869000000.0,7883000000.0
RTX Corporation,RTX,United States,Aerospace & Defense,2022,67074000000.0,USD,5197000000.0,158864000000.0,7168000000.0
Realty Income Corporation,O,United States,REIT - Retail,2024,5271142000.0,USD,860772000.0,68835039000.0,3573276000.0
Realty Income Corporation,O,United States,REIT - Retail,2023,4078993000.0,USD,872309000.0,57779357000.0,2958769000.0
Realty Income Corporation,O,United States,REIT - Retail,2022,3343681000.0,USD,869408000.0,49673092000.0,2563856000.0
Regency Centers Corporation,REG,United States,REIT - Retail,2024,1453904000.0,USD,400388000.0,12391961000.0,790198000.0
Regency Centers Corporation,REG,United States,REIT - Retail,2023,1322466000.0,USD,364557000.0,12426913000.0,719591000.0
Regency Centers Corporation,REG,United States,REIT - Retail,2022,1224022000.0,USD,482865000.0,10860220000.0,655815000.0
"Regeneron Pharmaceuticals, Inc.",REGN,United States,Biotechnology,2024,14202000000.0,USD,4412600000.0,37759400000.0,4420500000.0
"Regeneron Pharmaceuticals, Inc.",REGN,United States,Biotechnology,2023,13117200000.0,USD,3953600000.0,33080200000.0,4594000000.0
"Regeneron Pharmaceuticals, Inc.",REGN,United States,Biotechnology,2022,12172900000.0,USD,4338400000.0,29214500000.0,5014900000.0
ResMed Inc.,RMD,United States,Medical Instruments & Supplies,2025,5146327000.0,USD,1400723000.0,8174391000.0,1751588000.0
ResMed Inc.,RMD,United States,Medical Instruments & Supplies,2024,4685297000.0,USD,1020951000.0,6872394000.0,1401260000.0
ResMed Inc.,RMD,United States,Medical Instruments & Supplies,2023,4222993000.0,USD,897556000.0,6751708000.0,693299000.0
Rio Tinto Group,RIO,United Kingdom,Other Industrial Metals & Mining,2024,53658000000.0,USD,11552000000.0,102786000000.0,15599000000.0
Rio Tinto Group,RIO,United Kingdom,Other Industrial Metals & Mining,2023,54041000000.0,USD,10058000000.0,103549000000.0,15160000000.0
Rio Tinto Group,RIO,United Kingdom,Other Industrial Metals & Mining,2022,55554000000.0,USD,12392000000.0,96774000000.0,16134000000.0
Roche Holding AG,RHHBY,Switzerland,Drug Manufacturers - General,2024,62395000000.0,USD,8277000000.0,101801000000.0,20094000000.0
Roche Holding AG,RHHBY,Switzerland,Drug Manufacturers - General,2023,60441000000.0,USD,11498000000.0,90468000000.0,16095000000.0
Roche Holding AG,RHHBY,Switzerland,Drug Manufacturers - General,2022,65814000000.0,USD,12421000000.0,88151000000.0,17803000000.0
"Roper Technologies, Inc.",ROP,United States,Software - Application,2024,7039200000.0,USD,1549300000.0,31334700000.0,2393200000.0
"Roper Technologies, Inc.",ROP,United States,Software - Application,2023,6177800000.0,USD,1384200000.0,28167500000.0,2035100000.0
"Roper Technologies, Inc.",ROP,United States,Software - Application,2022,5371800000.0,USD,4544700000.0,26980800000.0,734600000.0
Royal Bank of Canada,RY,Canada,Banks - Diversified,2024,57491000000.0,USD,16230000000.0,2171582000000.0,23139000000.0
Royal Bank of Canada,RY,Canada,Banks - Diversified,2023,51591000000.0,USD,14605000000.0,2006531000000.0,26079000000.0
Royal Bank of Canada,RY,Canada,Banks - Diversified,2022,48775000000.0,USD,15794000000.0,1917219000000.0,21942000000.0
SLB N.V.,SLB,United States,Oil & Gas Equipment & Services,2024,36289000000.0,USD,4461000000.0,48935000000.0,6602000000.0
SLB N.V.,SLB,United States,Oil & Gas Equipment & Services,2023,33135000000.0,USD,4203000000.0,47957000000.0,6637000000.0
SLB N.V.,SLB,United States,Oil & Gas Equipment & Services,2022,28091000000.0,USD,3441000000.0,43135000000.0,3720000000.0
STERIS plc,STE,United States,Medical Devices,2025,5459515000.0,USD,614641000.0,10146811000.0,1148087000.0
STERIS plc,STE,United States,Medical Devices,2024,5138701000.0,USD,378239000.0,11063697000.0,973274000.0
STERIS plc,STE,United States,Medical Devices,2023,4536266000.0,USD,107030000.0,10821839000.0,756947000.0
Sanofi,SNY,France,Drug Manufacturers - General,2024,44286000000.0,USD,5560000000.0,132798000000.0,9081000000.0
Sanofi,SNY,France,Drug Manufacturers - General,2023,41618000000.0,USD,5400000000.0,126464000000.0,10258000000.0
Sanofi,SNY,France,Drug Manufacturers - General,2022,40561000000.0,USD,8371000000.0,126722000000.0,10526000000.0
Sempra,SRE,United States,Utilities - Diversified,2024,13185000000.0,USD,2862000000.0,96155000000.0,4907000000.0
Sempra,SRE,United States,Utilities - Diversified,2023,16720000000.0,USD,3075000000.0,87181000000.0,6218000000.0
Sempra,SRE,United States,Utilities - Diversified,2022,14439000000.0,USD,2139000000.0,78574000000.0,1142000000.0
"ServiceNow, Inc.",NOW,United States,Software - Application,2024,10984000000.0,USD,1425000000.0,20383000000.0,4267000000.0
"ServiceNow, Inc.",NOW,United States,Software - Application,2023,8971000000.0,USD,1731000000.0,17387000000.0,3398000000.0
"ServiceNow, Inc.",NOW,United States,Software - Application,2022,7245000000.0,USD,325000000.0,13299000000.0,2723000000.0
Shell plc,SHEL,United Kingdom,Oil & Gas Integrated,2024,284312000000.0,USD,16094000000.0,387609000000.0,54687000000.0
Shell plc,SHEL,United Kingdom,Oil & Gas Integrated,2023,316620000000.0,USD,19359000000.0,406270000000.0,54191000000.0
Shell plc,SHEL,United Kingdom,Oil & Gas Integrated,2022,381314000000.0,USD,42309000000.0,443024000000.0,68414000000.0
Shopify Inc.,SHOP,Canada,Software - Application,2024,8880000000.0,USD,2019000000.0,13924000000.0,1616000000.0
Shopify Inc.,SHOP,Canada,Software - Application,2023,7060000000.0,USD,132000000.0,11299000000.0,944000000.0
Shopify Inc.,SHOP,Canada,Software - Application,2022,5600000000.0,USD,-3460000000.0,10757000000.0,-136000000.0
"Simon Property Group, Inc.",SPG,United States,REIT - Retail,2024,5963798000.0,USD,2370896000.0,32405691000.0,3814655000.0
"Simon Property Group, Inc.",SPG,United States,REIT - Retail,2023,5658836000.0,USD,2283126000.0,34283495000.0,3930793000.0
"Simon Property Group, Inc.",SPG,United States,REIT - Retail,2022,5291447000.0,USD,2139535000.0,33011274000.0,3766604000.0
Snap Inc.,SNAP,United States,Internet Content & Information,2024,5361398000.0,USD,-697856000.0,7936348000.0,413480000.0
Snap Inc.,SNAP,United States,Internet Content & Information,2023,4606115000.0,USD,-1322485000.0,7967758000.0,246521000.0
Snap Inc.,SNAP,United States,Internet Content & Information,2022,4601847000.0,USD,-1429653000.0,8029538000.0,184614000.0
Southern Copper Corporation,SCCO,United States,Copper,2024,11433400000.0,USD,3376800000.0,18713500000.0,4421700000.0
Southern Copper Corporation,SCCO,United States,Copper,2023,9895800000.0,USD,2425200000.0,16725300000.0,3573100000.0
Southern Copper Corporation,SCCO,United States,Copper,2022,10047900000.0,USD,2638500000.0,17277400000.0,2802500000.0
Spotify Technology S.A.,SPOT,Luxembourg,Internet Content & Information,2024,15673000000.0,USD,1138000000.0,12005000000.0,2301000000.0
Spotify Technology S.A.,SPOT,Luxembourg,Internet Content & Information,2023,13247000000.0,USD,-532000000.0,8346000000.0,680000000.0
Spotify Technology S.A.,SPOT,Luxembourg,Internet Content & Information,2022,11727000000.0,USD,-430000000.0,7636000000.0,46000000.0
Starbucks Corporation,SBUX,United States,Restaurants,2025,37184400000.0,USD,1856400000.0,32019700000.0,4747500000.0
Starbucks Corporation,SBUX,United States,Restaurants,2024,36176200000.0,USD,3760900000.0,31339300000.0,6095600000.0
Starbucks Corporation,SBUX,United States,Restaurants,2023,35975600000.0,USD,4124500000.0,29445500000.0,6008700000.0
State Street Corporation,STT,United States,Asset Management,2024,12919000000.0,USD,2687000000.0,353240000000.0,-13210000000.0
State Street Corporation,STT,United States,Asset Management,2023,11945000000.0,USD,1944000000.0,297258000000.0,690000000.0
State Street Corporation,STT,United States,Asset Management,2022,12125000000.0,USD,2774000000.0,301450000000.0,11954000000.0
Stryker Corporation,SYK,United States,Medical Devices,2024,22595000000.0,USD,2993000000.0,42971000000.0,4242000000.0
Stryker Corporation,SYK,United States,Medical Devices,2023,20498000000.0,USD,3165000000.0,39912000000.0,3711000000.0
Stryker Corporation,SYK,United States,Medical Devices,2022,18449000000.0,USD,2358000000.0,36884000000.0,2624000000.0
"Sumitomo Mitsui Financial Group, Inc.",SMFG,Japan,Banks - Diversified,2025,5066265000000.0,USD,1177996000000.0,306282015000000.0,4848464000000.0
"Sumitomo Mitsui Financial Group, Inc.",SMFG,Japan,Banks - Diversified,2024,4433371000000.0,USD,962946000000.0,295236701000000.0,642862000000.0
"Sumitomo Mitsui Financial Group, Inc.",SMFG,Japan,Banks - Diversified,2023,3719458000000.0,USD,805842000000.0,270428564000000.0,-5895185000000.0
"Synopsys, Inc.",SNPS,United States,Software - Infrastructure,2024,6127436000.0,USD,2263380000.0,13073561000.0,1407029000.0
"Synopsys, Inc.",SNPS,United States,Software - Infrastructure,2023,5318014000.0,USD,1229888000.0,10333131000.0,1703274000.0
"Synopsys, Inc.",SNPS,United States,Software - Infrastructure,2022,4615714000.0,USD,984594000.0,9418087000.0,1738900000.0
Sysco Corporation,SYY,United States,Food Distribution,2025,81370000000.0,USD,1828000000.0,26774000000.0,2510000000.0
Sysco Corporation,SYY,United States,Food Distribution,2024,78844000000.0,USD,1955000000.0,24917000000.0,2989000000.0
Sysco Corporation,SYY,United States,Food Distribution,2023,76325000000.0,USD,1770000000.0,22821000000.0,2868000000.0
Takeda Pharmaceutical Company Limited,TAK,Japan,Drug Manufacturers - Specialty & Generic,2025,4581551000000.0,USD,107928000000.0,14248344000000.0,1057182000000.0
Takeda Pharmaceutical Company Limited,TAK,Japan,Drug Manufacturers - Specialty & Generic,2024,4263762000000.0,USD,144067000000.0,15108792000000.0,716344000000.0
Takeda Pharmaceutical Company Limited,TAK,Japan,Drug Manufacturers - Specialty & Generic,2023,4027478000000.0,USD,317017000000.0,13957750000000.0,977156000000.0
Target Corporation,TGT,United States,Discount Stores,2025,106566000000.0,USD,4091000000.0,57769000000.0,7367000000.0
Target Corporation,TGT,United States,Discount Stores,2024,107412000000.0,USD,4138000000.0,55356000000.0,8621000000.0
Target Corporation,TGT,United States,Discount Stores,2023,109120000000.0,USD,2780000000.0,53335000000.0,4018000000.0
Teledyne Technologies Incorporated,TDY,United States,Scientific & Technical Instruments,2024,5670000000.0,USD,819200000.0,14200500000.0,1191900000.0
Teledyne Technologies Incorporated,TDY,United States,Scientific & Technical Instruments,2023,5635500000.0,USD,885700000.0,14527900000.0,836100000.0
Teledyne Technologies Incorporated,TDY,United States,Scientific & Technical Instruments,2022,5458600000.0,USD,788600000.0,14354000000.0,486800000.0
"Tesla, Inc.",TSLA,United States,Auto Manufacturers,2024,97690000000.0,USD,7130000000.0,122070000000.0,14923000000.0
"Tesla, Inc.",TSLA,United States,Auto Manufacturers,2023,96773000000.0,USD,14999000000.0,106618000000.0,13256000000.0
"Tesla, Inc.",TSLA,United States,Auto Manufacturers,2022,81462000000.0,USD,12583000000.0,82338000000.0,14724000000.0
Teva Pharmaceutical Industries Limited,TEVA,Israel,Drug Manufacturers - Specialty & Generic,2024,16544000000.0,USD,-1639000000.0,39326000000.0,1247000000.0
Teva Pharmaceutical Industries Limited,TEVA,Israel,Drug Manufacturers - Specialty & Generic,2023,15845000000.0,USD,-559000000.0,43479000000.0,1368000000.0
Teva Pharmaceutical Industries Limited,TEVA,Israel,Drug Manufacturers - Specialty & Generic,2022,14925000000.0,USD,-2446000000.0,44011000000.0,1590000000.0
Texas Instruments Incorporated,TXN,United States,Semiconductors,2024,15641000000.0,USD,4799000000.0,35509000000.0,6318000000.0
Texas Instruments Incorporated,TXN,United States,Semiconductors,2023,17519000000.0,USD,6510000000.0,32348000000.0,6420000000.0
Texas Instruments Incorporated,TXN,United States,Semiconductors,2022,20028000000.0,USD,8749000000.0,27207000000.0,8720000000.0
The Bank of New York Mellon Corporation,BK,United States,Banks - Diversified,2024,18258000000.0,USD,4530000000.0,416064000000.0,687000000.0
The Bank of New York Mellon Corporation,BK,United States,Banks - Diversified,2023,17488000000.0,USD,3302000000.0,409877000000.0,5912000000.0
The Bank of New York Mellon Corporation,BK,United States,Banks - Diversified,2022,16186000000.0,USD,2556000000.0,405783000000.0,15068000000.0
The Boeing Company,BA,United States,Aerospace & Defense,2024,66517000000.0,USD,-11817000000.0,156363000000.0,-12080000000.0
The Boeing Company,BA,United States,Aerospace & Defense,2023,77794000000.0,USD,-2222000000.0,137012000000.0,5960000000.0
The Boeing Company,BA,United States,Aerospace & Defense,2022,66608000000.0,USD,-4935000000.0,137100000000.0,3512000000.0
The Campbell's Company,CPB,United States,Packaged Foods,2025,10253000000.0,USD,602000000.0,14896000000.0,1131000000.0
The Campbell's Company,CPB,United States,Packaged Foods,2024,9636000000.0,USD,567000000.0,15235000000.0,1185000000.0
The Campbell's Company,CPB,United States,Packaged Foods,2023,9357000000.0,USD,858000000.0,12058000000.0,1143000000.0
The Charles Schwab Corporation,SCHW,United States,Capital Markets,2024,19606000000.0,USD,5942000000.0,479843000000.0,2670000000.0
The Charles Schwab Corporation,SCHW,United States,Capital Markets,2023,18837000000.0,USD,5067000000.0,493178000000.0,19587000000.0
The Charles Schwab Corporation,SCHW,United States,Capital Markets,2022,20762000000.0,USD,7183000000.0,551772000000.0,2057000000.0
The Coca-Cola Company,KO,United States,Beverages - Non-Alcoholic,2024,47061000000.0,USD,10631000000.0,100549000000.0,6805000000.0
The Coca-Cola Company,KO,United States,Beverages - Non-Alcoholic,2023,45754000000.0,USD,10714000000.0,97703000000.0,11599000000.0
The Coca-Cola Company,KO,United States,Beverages - Non-Alcoholic,2022,43004000000.0,USD,9542000000.0,92763000000.0,11018000000.0
"The Cooper Companies, Inc.",COO,United States,Medical Instruments & Supplies,2024,3895400000.0,USD,392300000.0,12315200000.0,709300000.0
"The Cooper Companies, Inc.",COO,United States,Medical Instruments & Supplies,2023,3593200000.0,USD,294200000.0,11658900000.0,607500000.0
"The Cooper Companies, Inc.",COO,United States,Medical Instruments & Supplies,2022,3308400000.0,USD,385800000.0,11492300000.0,692400000.0
The Estée Lauder Companies Inc.,EL,United States,Household & Personal Products,2025,14326000000.0,USD,-1133000000.0,19892000000.0,1272000000.0
The Estée Lauder Companies Inc.,EL,United States,Household & Personal Products,2024,15608000000.0,USD,390000000.0,21677000000.0,2360000000.0
The Estée Lauder Companies Inc.,EL,United States,Household & Personal Products,2023,15910000000.0,USD,1006000000.0,23415000000.0,1731000000.0
"The Goldman Sachs Group, Inc.",GS,United States,Capital Markets,2024,53512000000.0,USD,14276000000.0,1675972000000.0,-13212000000.0
"The Goldman Sachs Group, Inc.",GS,United States,Capital Markets,2023,46254000000.0,USD,8516000000.0,1641594000000.0,-12587000000.0
"The Goldman Sachs Group, Inc.",GS,United States,Capital Markets,2022,47365000000.0,USD,11261000000.0,1441799000000.0,8708000000.0
"The Hartford Insurance Group, Inc.",HIG,United States,Insurance - Property & Casualty,2024,26384000000.0,USD,3111000000.0,80917000000.0,5909000000.0
"The Hartford Insurance Group, Inc.",HIG,United States,Insurance - Property & Casualty,2023,24330000000.0,USD,2504000000.0,76780000000.0,4220000000.0
"The Hartford Insurance Group, Inc.",HIG,United States,Insurance - Property & Casualty,2022,21854000000.0,USD,1819000000.0,73008000000.0,4008000000.0
The Hershey Company,HSY,United States,Confectioners,2024,11202263000.0,USD,2221239000.0,12946861000.0,2531596000.0
The Hershey Company,HSY,United States,Confectioners,2023,11164992000.0,USD,1861787000.0,11902941000.0,2323190000.0
The Hershey Company,HSY,United States,Confectioners,2022,10419294000.0,USD,1644817000.0,10948820000.0,2327837000.0
"The Home Depot, Inc.",HD,United States,Home Improvement Retail,2025,159514000000.0,USD,14806000000.0,96119000000.0,19810000000.0
"The Home Depot, Inc.",HD,United States,Home Improvement Retail,2024,152669000000.0,USD,15143000000.0,76530000000.0,21172000000.0
"The Home Depot, Inc.",HD,United States,Home Improvement Retail,2023,157403000000.0,USD,17105000000.0,76445000000.0,14615000000.0
The Kraft Heinz Company,KHC,United States,Packaged Foods,2024,25846000000.0,USD,2744000000.0,88287000000.0,4184000000.0
The Kraft Heinz Company,KHC,United States,Packaged Foods,2023,26640000000.0,USD,2855000000.0,90339000000.0,3976000000.0
The Kraft Heinz Company,KHC,United States,Packaged Foods,2022,26485000000.0,USD,2363000000.0,90513000000.0,2469000000.0
"The PNC Financial Services Group, Inc.",PNC,United States,Banks - Regional,2024,20809000000.0,USD,5889000000.0,560038000000.0,7880000000.0
"The PNC Financial Services Group, Inc.",PNC,United States,Banks - Regional,2023,21509000000.0,USD,5578000000.0,561580000000.0,10111000000.0
"The PNC Financial Services Group, Inc.",PNC,United States,Banks - Regional,2022,21114000000.0,USD,6041000000.0,557263000000.0,9083000000.0
The Procter & Gamble Company,PG,United States,Household & Personal Products,2025,84284000000.0,USD,15974000000.0,125231000000.0,17817000000.0
The Procter & Gamble Company,PG,United States,Household & Personal Products,2024,84039000000.0,USD,14879000000.0,122370000000.0,19846000000.0
The Procter & Gamble Company,PG,United States,Household & Personal Products,2023,82006000000.0,USD,14653000000.0,120829000000.0,16848000000.0
The Progressive Corporation,PGR,United States,Insurance - Property & Casualty,2024,75343000000.0,USD,8480000000.0,105745000000.0,15119000000.0
The Progressive Corporation,PGR,United States,Insurance - Property & Casualty,2023,62083000000.0,USD,3903000000.0,88691000000.0,10643000000.0
The Progressive Corporation,PGR,United States,Insurance - Property & Casualty,2022,49587000000.0,USD,722000000.0,75465000000.0,6849000000.0
The Sherwin-Williams Company,SHW,United States,Specialty Chemicals,2024,23098500000.0,USD,2681400000.0,23632600000.0,3153200000.0
The Sherwin-Williams Company,SHW,United States,Specialty Chemicals,2023,23051900000.0,USD,2388800000.0,22954400000.0,3521900000.0
The Sherwin-Williams Company,SHW,United States,Specialty Chemicals,2022,22148900000.0,USD,2020100000.0,22594000000.0,1919900000.0
The Southern Company,SO,United States,Utilities - Regulated Electric,2024,26724000000.0,USD,4401000000.0,145180000000.0,9788000000.0
The Southern Company,SO,United States,Utilities - Regulated Electric,2023,25253000000.0,USD,3976000000.0,139331000000.0,7553000000.0
The Southern Company,SO,United States,Utilities - Regulated Electric,2022,29279000000.0,USD,3535000000.0,134891000000.0,6302000000.0
"The TJX Companies, Inc.",TJX,United States,Apparel Retail,2025,56360000000.0,USD,4864000000.0,31749000000.0,6116000000.0
"The TJX Companies, Inc.",TJX,United States,Apparel Retail,2024,54217000000.0,USD,4474000000.0,29747000000.0,6057000000.0
"The TJX Companies, Inc.",TJX,United States,Apparel Retail,2023,49936000000.0,USD,3498000000.0,28349000000.0,4084000000.0
The Toronto-Dominion Bank,TD,Canada,Banks - Diversified,2024,56256000000.0,USD,8842000000.0,2061751000000.0,54937000000.0
The Toronto-Dominion Bank,TD,Canada,Banks - Diversified,2023,51524000000.0,USD,10634000000.0,1955139000000.0,-65302000000.0
The Toronto-Dominion Bank,TD,Canada,Banks - Diversified,2022,45762000000.0,USD,17429000000.0,1917528000000.0,38949000000.0
"The Travelers Companies, Inc.",TRV,United States,Insurance - Property & Casualty,2024,46428000000.0,USD,4999000000.0,133189000000.0,9074000000.0
"The Travelers Companies, Inc.",TRV,United States,Insurance - Property & Casualty,2023,41373000000.0,USD,2991000000.0,125978000000.0,7711000000.0
"The Travelers Companies, Inc.",TRV,United States,Insurance - Property & Casualty,2022,36896000000.0,USD,2842000000.0,115717000000.0,6465000000.0
"The Williams Companies, Inc.",WMB,United States,Oil & Gas Midstream,2024,10503000000.0,USD,2225000000.0,54532000000.0,4974000000.0
"The Williams Companies, Inc.",WMB,United States,Oil & Gas Midstream,2023,10907000000.0,USD,3179000000.0,52627000000.0,5938000000.0
"The Williams Companies, Inc.",WMB,United States,Oil & Gas Midstream,2022,10965000000.0,USD,2049000000.0,48433000000.0,4889000000.0
Thermo Fisher Scientific Inc.,TMO,United States,Diagnostics & Research,2024,42879000000.0,USD,6335000000.0,97321000000.0,8667000000.0
Thermo Fisher Scientific Inc.,TMO,United States,Diagnostics & Research,2023,42857000000.0,USD,5995000000.0,98726000000.0,8406000000.0
Thermo Fisher Scientific Inc.,TMO,United States,Diagnostics & Research,2022,44915000000.0,USD,6950000000.0,97154000000.0,9154000000.0
TotalEnergies SE,TTE,France,Oil & Gas Integrated,2024,195610000000.0,USD,15758000000.0,285487000000.0,30854000000.0
TotalEnergies SE,TTE,France,Oil & Gas Integrated,2023,218945000000.0,USD,21384000000.0,283654000000.0,40679000000.0
TotalEnergies SE,TTE,France,Oil & Gas Integrated,2022,263310000000.0,USD,20526000000.0,303864000000.0,47367000000.0
Toyota Motor Corporation,TM,Japan,Auto Manufacturers,2025,48036704000000.0,USD,4765086000000.0,93601350000000.0,3696934000000.0
Toyota Motor Corporation,TM,Japan,Auto Manufacturers,2024,45095325000000.0,USD,4944933000000.0,90114296000000.0,4206373000000.0
Toyota Motor Corporation,TM,Japan,Auto Manufacturers,2023,37154298000000.0,USD,2451318000000.0,74303180000000.0,2955076000000.0
Truist Financial Corporation,TFC,United States,Banks - Regional,2024,13278000000.0,USD,4818000000.0,531176000000.0,2164000000.0
Truist Financial Corporation,TFC,United States,Banks - Regional,2023,20022000000.0,USD,-1091000000.0,535349000000.0,8631000000.0
Truist Financial Corporation,TFC,United States,Banks - Regional,2022,19973000000.0,USD,6260000000.0,555255000000.0,11081000000.0
Twilio Inc.,TWLO,United States,Software - Infrastructure,2024,4458036000.0,USD,-109403000.0,9865472000.0,716241000.0
Twilio Inc.,TWLO,United States,Software - Infrastructure,2023,4153945000.0,USD,-1015441000.0,11609707000.0,414752000.0
Twilio Inc.,TWLO,United States,Software - Infrastructure,2022,3826321000.0,USD,-1256145000.0,12564304000.0,-254368000.0
U.S. Bancorp,USB,United States,Banks - Regional,2024,27335000000.0,USD,6299000000.0,678318000000.0,11273000000.0
U.S. Bancorp,USB,United States,Banks - Regional,2023,28013000000.0,USD,5429000000.0,663491000000.0,8447000000.0
U.S. Bancorp,USB,United States,Banks - Regional,2022,24184000000.0,USD,5825000000.0,674805000000.0,21119000000.0
UBS Group AG,UBS,Switzerland,Banks - Diversified,2024,45346000000.0,USD,5086000000.0,1565028000000.0,3279000000.0
UBS Group AG,UBS,Switzerland,Banks - Diversified,2023,38860000000.0,USD,27366000000.0,1716924000000.0,86068000000.0
UBS Group AG,UBS,Switzerland,Banks - Diversified,2022,33270000000.0,USD,7629000000.0,1104364000000.0,14647000000.0
"UDR, Inc.",UDR,United States,REIT - Residential,2024,1671842000.0,USD,89585000.0,10897586000.0,876848000.0
"UDR, Inc.",UDR,United States,REIT - Residential,2023,1627501000.0,USD,444353000.0,11373242000.0,832664000.0
"UDR, Inc.",UDR,United States,REIT - Residential,2022,1517386000.0,USD,86924000.0,11038470000.0,820071000.0
"Uber Technologies, Inc.",UBER,United States,Software - Application,2024,43978000000.0,USD,9856000000.0,51244000000.0,7137000000.0
"Uber Technologies, Inc.",UBER,United States,Software - Application,2023,37281000000.0,USD,1887000000.0,38699000000.0,3585000000.0
"Uber Technologies, Inc.",UBER,United States,Software - Application,2022,31877000000.0,USD,-9141000000.0,32109000000.0,642000000.0
UiPath Inc.,PATH,United States,Software - Infrastructure,2025,1429664000.0,USD,-73694000.0,2865270000.0,320565000.0
UiPath Inc.,PATH,United States,Software - Infrastructure,2024,1308072000.0,USD,-89883000.0,2954758000.0,299082000.0
UiPath Inc.,PATH,United States,Software - Infrastructure,2023,1058581000.0,USD,-328352000.0,2735206000.0,-9981000.0
Union Pacific Corporation,UNP,United States,Railroads,2024,24250000000.0,USD,6747000000.0,67715000000.0,9346000000.0
Union Pacific Corporation,UNP,United States,Railroads,2023,24119000000.0,USD,6379000000.0,67132000000.0,8379000000.0
Union Pacific Corporation,UNP,United States,Railroads,2022,24875000000.0,USD,6998000000.0,65449000000.0,9362000000.0
"United Parcel Service, Inc.",UPS,United States,Integrated Freight & Logistics,2024,91070000000.0,USD,5782000000.0,70070000000.0,10122000000.0
"United Parcel Service, Inc.",UPS,United States,Integrated Freight & Logistics,2023,90958000000.0,USD,6708000000.0,70857000000.0,10238000000.0
"United Parcel Service, Inc.",UPS,United States,Integrated Freight & Logistics,2022,100338000000.0,USD,11548000000.0,71124000000.0,14104000000.0
UnitedHealth Group Incorporated,UNH,United States,Healthcare Plans,2024,400278000000.0,USD,14405000000.0,298278000000.0,24204000000.0
UnitedHealth Group Incorporated,UNH,United States,Healthcare Plans,2023,371622000000.0,USD,22381000000.0,273720000000.0,29068000000.0
UnitedHealth Group Incorporated,UNH,United States,Healthcare Plans,2022,324162000000.0,USD,20120000000.0,245705000000.0,26206000000.0
VICI Properties Inc.,VICI,United States,REIT - Diversified,2024,3849205000.0,USD,2678810000.0,45368940000.0,2381498000.0
VICI Properties Inc.,VICI,United States,REIT - Diversified,2023,3611988000.0,USD,2513540000.0,44059841000.0,2181009000.0
VICI Properties Inc.,VICI,United States,REIT - Diversified,2022,2600697000.0,USD,1117635000.0,37575826000.0,1943396000.0
Vale S.A.,VALE,Brazil,Other Industrial Metals & Mining,2024,38056000000.0,USD,6166000000.0,80152000000.0,9366000000.0
Vale S.A.,VALE,Brazil,Other Industrial Metals & Mining,2023,41784000000.0,USD,7983000000.0,94186000000.0,13165000000.0
Vale S.A.,VALE,Brazil,Other Industrial Metals & Mining,2022,43839000000.0,USD,18788000000.0,86894000000.0,11485000000.0
Valero Energy Corporation,VLO,United States,Oil & Gas Refining & Marketing,2024,129881000000.0,USD,2770000000.0,60143000000.0,6683000000.0
Valero Energy Corporation,VLO,United States,Oil & Gas Refining & Marketing,2023,144766000000.0,USD,8835000000.0,63056000000.0,9229000000.0
Valero Energy Corporation,VLO,United States,Oil & Gas Refining & Marketing,2022,176383000000.0,USD,11528000000.0,60982000000.0,12574000000.0
Vertex Pharmaceuticals Incorporated,VRTX,United States,Biotechnology,2024,11020100000.0,USD,-535600000.0,22533200000.0,-492600000.0
Vertex Pharmaceuticals Incorporated,VRTX,United States,Biotechnology,2023,9869200000.0,USD,3619600000.0,22730200000.0,3537300000.0
Vertex Pharmaceuticals Incorporated,VRTX,United States,Biotechnology,2022,8930700000.0,USD,3322000000.0,18150900000.0,4129900000.0
Visa Inc.,V,United States,Credit Services,2025,40000000000.0,USD,20058000000.0,99627000000.0,23059000000.0
Visa Inc.,V,United States,Credit Services,2024,35926000000.0,USD,19743000000.0,94511000000.0,19950000000.0
Visa Inc.,V,United States,Credit Services,2023,32653000000.0,USD,17273000000.0,90499000000.0,20755000000.0
W. R. Berkley Corporation,WRB,United States,Insurance - Property & Casualty,2024,13691128000.0,USD,1756115000.0,40567268000.0,3678368000.0
W. R. Berkley Corporation,WRB,United States,Insurance - Property & Casualty,2023,12111139000.0,USD,1381359000.0,37202015000.0,2929238000.0
W. R. Berkley Corporation,WRB,United States,Insurance - Property & Casualty,2022,11217429000.0,USD,1381062000.0,33861099000.0,2568604000.0
"Waste Management, Inc.",WM,United States,Waste Management,2024,22063000000.0,USD,2746000000.0,44567000000.0,5390000000.0
"Waste Management, Inc.",WM,United States,Waste Management,2023,20426000000.0,USD,2304000000.0,32823000000.0,4719000000.0
"Waste Management, Inc.",WM,United States,Waste Management,2022,19698000000.0,USD,2238000000.0,31367000000.0,4536000000.0
Waters Corporation,WAT,United States,Diagnostics & Research,2024,2958387000.0,USD,637834000.0,4553795000.0,762123000.0
Waters Corporation,WAT,United States,Diagnostics & Research,2023,2956416000.0,USD,642234000.0,4626854000.0,602809000.0
Waters Corporation,WAT,United States,Diagnostics & Research,2022,2971956000.0,USD,707755000.0,3281453000.0,611661000.0
Wells Fargo & Company,WFC,United States,Banks - Diversified,2024,82296000000.0,USD,19722000000.0,1929845000000.0,3035000000.0
Wells Fargo & Company,WFC,United States,Banks - Diversified,2023,82597000000.0,USD,19142000000.0,1932468000000.0,40358000000.0
Wells Fargo & Company,WFC,United States,Banks - Diversified,2022,74368000000.0,USD,13677000000.0,1881020000000.0,27048000000.0
Welltower Inc.,WELL,United States,REIT - Healthcare Facilities,2024,7853618000.0,USD,951680000.0,51044308000.0,2256421000.0
Welltower Inc.,WELL,United States,REIT - Healthcare Facilities,2023,6478231000.0,USD,340094000.0,44012166000.0,1601861000.0
Welltower Inc.,WELL,United States,REIT - Healthcare Facilities,2022,5776068000.0,USD,141214000.0,37893233000.0,1328708000.0
"Workday, Inc.",WDAY,United States,Software - Application,2025,8446000000.0,USD,526000000.0,17977000000.0,2461000000.0
"Workday, Inc.",WDAY,United States,Software - Application,2024,7259000000.0,USD,1381000000.0,16452000000.0,2149000000.0
"Workday, Inc.",WDAY,United States,Software - Application,2023,6216000000.0,USD,-367000000.0,13486000000.0,1657000000.0
Xcel Energy Inc.,XEL,United States,Utilities - Regulated Electric,2024,13441000000.0,USD,1936000000.0,70035000000.0,4641000000.0
Xcel Energy Inc.,XEL,United States,Utilities - Regulated Electric,2023,14206000000.0,USD,1771000000.0,64079000000.0,5327000000.0
Xcel Energy Inc.,XEL,United States,Utilities - Regulated Electric,2022,15310000000.0,USD,1736000000.0,61188000000.0,3932000000.0
"Yum! Brands, Inc.",YUM,United States,Restaurants,2024,7549000000.0,USD,1486000000.0,6727000000.0,1689000000.0
"Yum! Brands, Inc.",YUM,United States,Restaurants,2023,7076000000.0,USD,1597000000.0,6231000000.0,1603000000.0
"Yum! Brands, Inc.",YUM,United States,Restaurants,2022,6842000000.0,USD,1325000000.0,5846000000.0,1427000000.0
Zoetis Inc.,ZTS,United States,Drug Manufacturers - Specialty & Generic,2024,9256000000.0,USD,2486000000.0,14237000000.0,2953000000.0
Zoetis Inc.,ZTS,United States,Drug Manufacturers - Specialty & Generic,2023,8544000000.0,USD,2344000000.0,14286000000.0,2353000000.0
Zoetis Inc.,ZTS,United States,Drug Manufacturers - Specialty & Generic,2022,8080000000.0,USD,2114000000.0,14925000000.0,1912000000.0
Zoom Communications Inc.,ZM,United States,Software - Application,2025,4665433000.0,USD,1010238000.0,10988421000.0,1945308000.0
Zoom Communications Inc.,ZM,United States,Software - Application,2024,4527224000.0,USD,637462000.0,9929793000.0,1598836000.0
Zoom Communications Inc.,ZM,United States,Software - Application,2023,4392960000.0,USD,103711000.0,8128065000.0,1290262000.0
"Zscaler, Inc.",ZS,United States,Software - Infrastructure,2025,2673115000.0,USD,-41478000.0,6419888000.0,972453000.0
"Zscaler, Inc.",ZS,United States,Software - Infrastructure,2024,2167771000.0,USD,-57706000.0,4704968000.0,779846000.0
"Zscaler, Inc.",ZS,United States,Software - Infrastructure,2023,1616952000.0,USD,-202335000.0,3608317000.0,462343000.0
adidas AG,ADDYY,Germany,Footwear & Accessories,2024,23683000000.0,USD,764000000.0,20655000000.0,2910000000.0
adidas AG,ADDYY,Germany,Footwear & Accessories,2023,21427000000.0,USD,-75000000.0,18020000000.0,2550000000.0
adidas AG,ADDYY,Germany,Footwear & Accessories,2022,22511000000.0,USD,612000000.0,20296000000.0,-479000000.0
lululemon athletica inc.,LULU,Canada,Apparel Retail,2025,10588126000.0,USD,1814616000.0,7603292000.0,2272713000.0
lululemon athletica inc.,LULU,Canada,Apparel Retail,2024,9619278000.0,USD,1550190000.0,7091941000.0,2296164000.0
lululemon athletica inc.,LULU,Canada,Apparel Retail,2023,8110518000.0,USD,854800000.0,5607038000.0,966463000.0
